district,commodity,year,month,monthly_mean_price,days_traded,monthly_rain_sum,monthly_rain_mean,monthly_ndvi_mean,date,target_price,price_lag_1,price_lag_2,price_lag_3,price_lag_6,price_lag_12,price_roll_mean_3,price_roll_std_3,price_roll_mean_6,price_roll_std_6,price_mom_1,price_mom_3,rain_roll_3,rain_dev,ndvi_lag_1,ndvi_trend_3,month_sin,month_cos
kheda,Leafy Vegetable,2005,5,603.125,4,1.7000000000000002,0.0548387096774193,3.2891678399905785e-05,2005-05-01,600.0,1325.0,212.5,550.0,266.6666666666667,187.5,695.8333333333334,570.4073836595503,549.3055555555555,404.9384098115919,-721.875,53.125,0.5,-6.428571428571428,3.459239017507862e-05,-1.4430905156684383e-05,0.49999999999999994,-0.8660254037844387
kheda,Leafy Vegetable,2005,6,475.0,5,90.4,3.0133333333333336,2.410236249520682e-05,2005-06-01,298.3333333333333,603.125,1325.0,212.5,391.6666666666667,78.75,713.5416666666666,564.409375106698,605.3819444444445,380.5312080360188,-128.125,262.5,1.8000000000000003,-10.929999999999993,3.2891678399905785e-05,-1.4740291758835032e-05,1.2246467991473532e-16,-1.0
vadodara,Leafy Vegetable,2005,7,300.0,1,202.2,6.522580645161291,3.369001855949336e-05,2005-07-01,362.5,475.0,603.125,1325.0,550.0,612.5,801.0416666666666,458.2611212052942,619.2708333333334,372.60913180458505,-175.0,-1025.0,92.2,-142.9217391304348,2.410236249520682e-05,-9.023716155852541e-07,-0.4999999999999997,-0.8660254037844388
vadodara,Leafy Vegetable,2005,8,345.0,10,219.8,7.090322580645161,5.1999622082486667e-05,2005-08-01,650.0,300.0,475.0,603.125,550.0,850.0,459.375,152.16536029924822,577.6041666666666,395.19781768649307,45.0,-258.125,294.3,-84.2590909090909,3.369001855949336e-05,1.9107943682580882e-05,-0.8660254037844384,-0.5000000000000004
kheda,Leafy Vegetable,2005,8,600.0,1,263.20000000000005,8.490322580645163,5.135958435627191e-05,2005-08-01,488.3333333333333,345.0,300.0,475.0,212.5,557.5,373.3333333333333,90.87537253477072,543.4375,406.75425435697645,255.0,125.0,512.4000000000001,-40.85909090909087,5.1999622082486667e-05,2.725722186106509e-05,-0.8660254037844384,-0.5000000000000004
vadodara,Leafy Vegetable,2005,9,298.3333333333333,12,413.4,13.78,5.829910205436011e-05,2005-09-01,248.2142857142857,600.0,345.0,300.0,1325.0,580.0,415.0,161.78689687363445,608.0208333333334,373.0680267781824,-301.6666666666667,-1.6666666666666856,685.2,187.34545454545454,5.135958435627191e-05,2.460908349486675e-05,-1.0,-1.8369701987210297e-16
kheda,Leafy Vegetable,2005,9,362.5,2,329.5,10.983333333333333,6.034160152145517e-05,2005-09-01,375.0,298.3333333333333,600.0,345.0,603.125,266.6666666666667,414.4444444444444,162.3810105664841,436.90972222222223,142.8789075888957,64.16666666666669,17.5,896.4000000000001,103.44545454545457,5.829910205436011e-05,8.341979438968501e-06,-1.0,-1.8369701987210297e-16
kheda,Leafy Vegetable,2005,10,650.0,1,0.1,0.0032258064516129,5.3503999841965256e-05,2005-10-01,267.5,362.5,298.3333333333333,600.0,475.0,391.6666666666667,420.27777777777777,158.91632436017446,396.8055555555556,118.60112500247092,287.5,50.0,1006.1000000000001,-27.027272727272724,6.034160152145517e-05,2.1444154856933476e-06,-0.8660254037844386,0.5000000000000001
vadodara,Leafy Vegetable,2005,10,488.3333333333333,15,1.3,0.0419354838709677,5.5616243243127854e-05,2005-10-01,900.0,650.0,362.5,298.3333333333333,300.0,550.0,436.9444444444444,187.28011798531264,425.9722222222222,156.98409037106123,-161.66666666666669,190.0,743.0,-25.827272727272724,5.3503999841965256e-05,-2.682858811232259e-06,-0.8660254037844386,0.5000000000000001
vadodara,Leafy Vegetable,2005,11,248.2142857142857,14,0.0,0.0,5.126170870518109e-05,2005-11-01,900.0,488.3333333333333,650.0,362.5,345.0,550.0,500.27777777777777,144.12170140133253,457.3611111111111,145.140178091031,-240.11904761904762,-114.2857142857143,330.9,-10.909074380165288,5.5616243243127854e-05,-9.079892816274076e-06,-0.5000000000000004,0.8660254037844384
kheda,Leafy Vegetable,2005,11,375.0,1,0.0,0.0,4.732258355659017e-05,2005-11-01,350.0,248.2142857142857,488.3333333333333,650.0,600.0,212.5,462.1825396825397,202.16537304257926,441.23015873015873,164.2464526354395,126.7857142857143,-275.0,1.4000000000000001,-10.909074380165288,5.126170870518109e-05,-6.1814162853750885e-06,-0.5000000000000004,0.8660254037844384
vadodara,Leafy Vegetable,2005,12,267.5,10,0.0,0.0,4.7086623316867416e-05,2005-12-01,484.375,375.0,248.2142857142857,488.3333333333333,298.3333333333333,1325.0,370.515873015873,120.12231184703761,403.73015873015873,145.3448020709373,-107.5,-220.83333333333331,1.3,-11.18507438016529,4.732258355659017e-05,-8.529619926260437e-06,-2.4492935982947064e-16,1.0
amreli,Leafy Vegetable,2005,12,900.0,2,0.0,0.0,4.1044721235746245e-05,2005-12-01,670.8333333333334,267.5,375.0,248.2142857142857,362.5,603.125,296.9047619047619,68.31642813951483,398.5912698412698,150.27792500233755,632.5,651.7857142857143,0.0,-11.18507438016529,4.7086623316867416e-05,-1.0216987469434846e-05,-2.4492935982947064e-16,1.0
amreli,Leafy Vegetable,2006,1,900.0,1,0.0,0.0,3.9859519172648346e-05,2006-01-01,479.1666666666667,900.0,267.5,375.0,650.0,475.0,514.1666666666666,338.43697099066077,488.1746031746032,250.94794957082613,0.0,525.0,0.0,-2.1625,4.1044721235746245e-05,-7.463064383941822e-06,0.49999999999999994,0.8660254037844387
vadodara,Leafy Vegetable,2006,3,350.0,1,8.5,0.2741935483870967,3.670766685894824e-05,2006-03-01,883.3333333333334,900.0,900.0,267.5,488.3333333333333,300.0,689.1666666666666,365.1740452624383,529.8412698412699,299.28929105968405,-550.0,82.5,0.0,7.2875,3.9859519172648346e-05,-1.0378956457919174e-05,1.0,6.123233995736766e-17
vadodara,Leafy Vegetable,2006,4,484.375,8,0.0,0.0,3.237601418044092e-05,2006-04-01,837.5,350.0,900.0,900.0,248.2142857142857,345.0,716.6666666666666,317.5426480542942,506.7857142857142,308.3183485970833,134.375,-415.625,8.5,-0.6647058823529413,3.670766685894824e-05,-8.668707055305322e-06,0.8660254037844387,-0.4999999999999998
vadodara,Leafy Vegetable,2006,5,670.8333333333334,6,2.2,0.0709677419354838,2.8891250183432112e-05,2006-05-01,723.2142857142857,484.375,350.0,900.0,375.0,600.0,578.125,286.7347151549669,546.1458333333334,282.7185041771525,186.45833333333337,-229.16666666666663,8.5,-5.928571428571428,3.237601418044092e-05,-1.0968268989216234e-05,0.49999999999999994,-0.8660254037844387
vadodara,Leafy Vegetable,2006,6,479.1666666666667,6,144.6,4.819999999999999,3.219249835880853e-05,2006-06-01,666.0714285714286,670.8333333333334,484.375,350.0,267.5,298.3333333333333,501.73611111111114,161.11971660446687,595.4513888888889,272.5137106854883,-191.66666666666669,129.16666666666669,10.7,43.269999999999996,2.8891250183432112e-05,-4.5151685001397105e-06,1.2246467991473532e-16,-1.0
vadodara,Leafy Vegetable,2006,7,883.3333333333334,6,576.2,18.58709677419355,1.859077367272428e-05,2006-07-01,309.2105263157895,479.1666666666667,670.8333333333334,484.375,900.0,362.5,544.7916666666666,109.18634523653186,630.7291666666666,232.3021765185978,404.1666666666667,398.95833333333337,146.79999999999998,231.07826086956527,3.219249835880853e-05,-1.3785240507716642e-05,-0.4999999999999997,-0.8660254037844388
vadodara,Leafy Vegetable,2006,8,837.5,12,504.3,16.267741935483873,4.055328161620248e-05,2006-08-01,294.6428571428572,883.3333333333334,479.1666666666667,670.8333333333334,900.0,650.0,677.7777777777778,202.17280379069928,627.9513888888888,228.50702094834017,-45.83333333333337,166.66666666666663,723.0,200.2409090909091,1.859077367272428e-05,1.1662031432770369e-05,-0.8660254037844384,-0.5000000000000004
vadodara,Leafy Vegetable,2006,9,723.2142857142857,14,157.3,5.243333333333334,5.98098344775607e-05,2006-09-01,256.25,837.5,883.3333333333334,479.1666666666667,350.0,488.3333333333333,733.3333333333334,221.30452874815833,617.5347222222222,214.62824840075,-114.28571428571433,244.04761904761898,1225.1,-68.75454545454542,4.055328161620248e-05,2.7617336118752165e-05,-1.0,-1.8369701987210297e-16
vadodara,Leafy Vegetable,2006,10,666.0714285714286,14,0.8,0.0258064516129032,5.414447349677499e-05,2006-10-01,288.8888888888889,723.2142857142857,837.5,883.3333333333334,484.375,248.2142857142857,814.6825396825398,82.46214115648384,679.7371031746031,171.2921191569251,-57.14285714285711,-217.26190476190482,1237.8000000000002,-26.327272727272724,5.98098344775607e-05,3.555369982405071e-05,-0.8660254037844386,0.5000000000000001
vadodara,Leafy Vegetable,2006,11,309.2105263157895,19,2.2,0.0733333333333333,5.1342340730859134e-05,2006-11-01,313.6363636363636,666.0714285714286,723.2142857142857,837.5,670.8333333333334,375.0,742.2619047619047,87.28715609439698,710.0198412698413,143.6823471221417,-356.8609022556391,-528.2894736842105,662.4,-8.709074380165287,5.414447349677499e-05,1.0789059114656652e-05,-0.5000000000000004,0.8660254037844384
vadodara,Leafy Vegetable,2006,12,294.6428571428572,14,0.0,0.0,4.705851675787907e-05,2006-12-01,433.3333333333333,309.2105263157895,666.0714285714286,723.2142857142857,479.1666666666667,267.5,566.1654135338346,224.35616122482796,649.749373433584,219.33555715529036,-14.567669172932256,-428.57142857142844,160.3,-11.18507438016529,5.1342340730859134e-05,-1.2751317719681626e-05,-2.4492935982947064e-16,1.0
vadodara,Leafy Vegetable,2007,1,256.25,8,0.0,0.0,4.404536554912896e-05,2007-01-01,478.9473684210527,294.6428571428572,309.2105263157895,666.0714285714286,883.3333333333334,900.0,423.3082706766918,210.36519999646276,618.9954051796157,257.63065494894806,-38.392857142857224,-409.82142857142856,3.0,-2.1625,4.705851675787907e-05,-1.0099107947646027e-05,0.49999999999999994,0.8660254037844387
vadodara,Leafy Vegetable,2007,2,288.8888888888889,9,0.8,0.0285714285714285,4.19231451217224e-05,2007-02-01,478.57142857142856,256.25,294.6428571428572,309.2105263157895,837.5,900.0,286.7011278195489,27.358867582467727,514.4815162907267,256.14001746754406,32.638888888888914,-20.321637426900566,2.2,0.5533333333333333,4.404536554912896e-05,-9.419195609136737e-06,0.8660254037844386,0.5000000000000001
vadodara,Leafy Vegetable,2007,3,313.6363636363636,11,0.0,0.0,3.554726669616267e-05,2007-03-01,755.7692307692307,288.8888888888889,256.25,294.6428571428572,723.2142857142857,350.0,279.9272486772487,20.705943986214475,423.0463311055416,211.86187808216008,24.747474747474712,18.993506493506402,0.8,-1.2125,4.19231451217224e-05,-1.1511250061716402e-05,1.0,6.123233995736766e-17
vadodara,Leafy Vegetable,2007,4,433.3333333333333,9,2.2,0.0733333333333333,3.287105912593125e-05,2007-04-01,561.3636363636364,313.6363636363636,288.8888888888889,256.25,666.0714285714286,484.375,286.2584175084175,28.7834712571985,354.78334409255467,153.84277984650316,119.69696969696969,177.08333333333331,0.8,1.535294117647059,3.554726669616267e-05,-1.1174306423197714e-05,0.8660254037844387,-0.4999999999999998
vadodara,Leafy Vegetable,2007,5,478.9473684210527,19,0.0,0.0,3.027141882913974e-05,2007-05-01,640.0,433.3333333333333,313.6363636363636,288.8888888888889,309.2105263157895,670.8333333333334,345.2861952861953,77.24851626609514,315.9936615528721,60.958997689466365,45.6140350877194,190.0584795321638,3.0,-8.128571428571428,3.287105912593125e-05,-1.1651726292582656e-05,0.49999999999999994,-0.8660254037844387
vadodara,Leafy Vegetable,2007,6,478.57142857142856,14,128.7,4.29,3.034422559361847e-05,2007-06-01,693.3333333333334,478.9473684210527,433.3333333333333,313.6363636363636,294.6428571428572,479.1666666666667,408.63902179691655,85.37733213461384,344.2831352370826,89.76205292547681,-0.37593984962416016,164.93506493506493,2.2,27.36999999999999,3.027141882913974e-05,-5.2030411025442e-06,1.2246467991473532e-16,-1.0
vadodara,Leafy Vegetable,2007,7,755.7692307692307,13,504.7,16.280645161290323,3.967914625418245e-05,2007-07-01,359.375,478.57142857142856,478.9473684210527,433.3333333333333,256.25,883.3333333333334,463.61737677527157,26.22742454164343,374.93789714184453,100.21679767357774,277.19780219780216,322.4358974358974,130.89999999999998,159.5782608695652,3.034422559361847e-05,6.808087128251201e-06,-0.4999999999999997,-0.8660254037844388
vadodara,Leafy Vegetable,2007,8,561.3636363636364,22,347.2,11.2,5.419045708371983e-05,2007-08-01,316.6666666666667,755.7692307692307,478.57142857142856,478.9473684210527,288.8888888888889,837.5,571.0960092539041,159.9318116927628,458.19110227004967,167.07851055086707,-194.40559440559434,82.41626794258366,633.4,43.140909090909076,3.967914625418245e-05,2.3919038254580092e-05,-0.8660254037844384,-0.5000000000000004
vadodara,Leafy Vegetable,2007,9,640.0,10,239.7,7.989999999999999,6.194477953226441e-05,2007-09-01,342.5,561.3636363636364,755.7692307692307,478.57142857142856,313.6363636363636,723.2142857142857,598.5680985680987,142.29470964082046,503.6035601825076,147.77261435943325,78.63636363636363,161.42857142857144,980.5999999999999,13.645454545454555,5.419045708371983e-05,3.160055393864594e-05,-1.0,-1.8369701987210297e-16
vadodara,Leafy Vegetable,2007,10,693.3333333333334,15,0.0,0.0,5.5396652463983886e-05,2007-10-01,350.0,640.0,561.3636363636364,755.7692307692307,433.3333333333333,666.0714285714286,652.3776223776223,97.79206478973812,557.9974995764469,121.61248040200927,53.33333333333337,-62.435897435897346,1091.6,-27.127272727272725,6.194477953226441e-05,1.5717506209801438e-05,-0.8660254037844386,0.5000000000000001
vadodara,Leafy Vegetable,2007,11,359.375,8,7.8,0.26,5.1608925171033294e-05,2007-11-01,357.0,693.3333333333334,640.0,561.3636363636364,478.9473684210527,309.2105263157895,631.5656565656566,66.38790433086987,601.3308329097803,114.41673289738696,-333.95833333333337,-201.98863636363637,586.9,-3.1090743801652883,5.5396652463983886e-05,-2.581531912686539e-06,-0.5000000000000004,0.8660254037844384
vadodara,Leafy Vegetable,2007,12,316.6666666666667,12,0.0,0.0,4.7206671382386245e-05,2007-12-01,470.45454545454544,359.375,693.3333333333334,640.0,478.57142857142856,294.6428571428572,564.2361111111112,179.40782381315032,581.4021048396048,146.039673594809,-42.708333333333314,-323.3333333333333,247.5,-11.18507438016529,5.1608925171033294e-05,-1.4738108149878166e-05,-2.4492935982947064e-16,1.0
vadodara,Leafy Vegetable,2008,1,342.5,8,0.0,0.0,4.419207954106041e-05,2008-01-01,460.0,316.6666666666667,359.375,693.3333333333334,755.7692307692307,256.25,456.4583333333334,206.248211271705,554.4179778554778,179.87761222935205,25.833333333333314,-350.83333333333337,7.8,-2.1625,4.7206671382386245e-05,-1.1204572922923475e-05,0.49999999999999994,0.8660254037844387
vadodara,Leafy Vegetable,2008,2,350.0,1,0.6,0.0206896551724137,4.0486495478164206e-05,2008-02-01,938.3333333333334,342.5,316.6666666666667,359.375,561.3636363636364,288.8888888888889,339.5138888888889,21.51018546418985,485.5397727272727,165.94061368151162,7.5,-9.375,7.8,0.3533333333333333,4.419207954106041e-05,-1.1122429692869088e-05,0.8660254037844386,0.5000000000000001
vadodara,Leafy Vegetable,2008,3,357.0,5,2.4,0.0774193548387096,3.629118589778593e-05,2008-03-01,882.9545454545455,350.0,342.5,316.6666666666667,640.0,313.6363636363636,336.3888888888889,17.486767483934226,450.3125,169.03102885351444,7.0,40.333333333333314,0.6,1.1875,4.0486495478164206e-05,-1.0915485484600315e-05,1.0,6.123233995736766e-17
vadodara,Leafy Vegetable,2008,4,470.45454545454544,11,0.2,0.0066666666666666,3.371226434000109e-05,2008-04-01,857.3529411764706,357.0,350.0,342.5,693.3333333333334,433.3333333333333,349.8333333333333,7.251436639278337,403.1458333333333,142.99311305774222,113.45454545454544,127.95454545454544,3.0,-0.46470588235294125,3.629118589778593e-05,-1.0479815201059318e-05,0.8660254037844387,-0.4999999999999998
vadodara,Leafy Vegetable,2008,5,460.0,6,0.0,0.0,3.0213058933679423e-05,2008-05-01,633.3333333333334,470.45454545454544,357.0,350.0,359.375,478.9473684210527,392.4848484848485,67.61438629581639,365.99936868686865,53.43719765575462,-10.454545454545439,110.0,3.2,-8.128571428571428,3.371226434000109e-05,-1.0273436544484783e-05,0.49999999999999994,-0.8660254037844387
vadodara,Leafy Vegetable,2008,6,938.3333333333334,15,128.4,4.28,2.1123605540109328e-05,2008-06-01,830.0,460.0,470.45454545454544,357.0,316.6666666666667,478.57142857142856,429.1515151515152,62.7033111897598,382.770202020202,65.39471200196853,478.33333333333337,581.3333333333334,2.6,27.070000000000007,3.0213058933679423e-05,-1.5167580357676602e-05,1.2246467991473532e-16,-1.0
vadodara,Leafy Vegetable,2008,7,882.9545454545455,22,219.4,7.077419354838709,2.886497073265893e-05,2008-07-01,509.1666666666667,938.3333333333334,460.0,470.45454545454544,342.5,755.7692307692307,622.929292929293,273.1979244203008,486.38131313131316,228.58323788206522,-55.378787878787875,412.50000000000006,128.6,-125.72173913043477,2.1123605540109328e-05,-4.8472936073421636e-06,-0.4999999999999997,-0.8660254037844388
vadodara,Leafy Vegetable,2008,8,857.3529411764706,17,316.3,10.203225806451613,5.358631850437028e-05,2008-08-01,575.0,882.9545454545455,938.3333333333334,460.0,350.0,561.3636363636364,760.429292929293,261.6486624736059,576.4570707070707,264.24917290809833,-25.601604278074888,397.3529411764706,347.8,12.2409090909091,2.886497073265893e-05,2.337325957069086e-05,-0.8660254037844384,-0.5000000000000004
vadodara,Leafy Vegetable,2008,9,633.3333333333334,6,202.6,6.753333333333333,5.441582448065138e-05,2008-09-01,808.3333333333334,857.3529411764706,882.9545454545455,938.3333333333334,357.0,640.0,892.8802733214499,41.39258428433096,661.0158942364825,258.40148771496507,-224.01960784313724,-305.0,664.1,-23.45454545454544,5.358631850437028e-05,3.329221894054205e-05,-1.0,-1.8369701987210297e-16
vadodara,Leafy Vegetable,2008,10,830.0,5,24.200000000000003,0.7806451612903227,5.2925989031873454e-05,2008-10-01,475.0,633.3333333333334,857.3529411764706,882.9545454545455,470.45454545454544,693.3333333333334,791.2136066547831,137.32623952997602,707.071449792038,214.2291386861739,196.66666666666663,-52.954545454545496,738.3000000000001,-2.9272727272727224,5.441582448065138e-05,2.4061018299214526e-05,-0.8660254037844386,0.5000000000000001
vadodara,Leafy Vegetable,2008,11,509.1666666666667,6,14.2,0.4733333333333334,5.079162948265543e-05,2008-11-01,957.1428571428572,830.0,633.3333333333334,857.3529411764706,460.0,359.375,773.5620915032681,122.20934625126743,766.9956922162804,182.78347812007357,-320.8333333333333,-348.1862745098039,543.1,3.290925619834711,5.2925989031873454e-05,-2.794689021714854e-06,-0.5000000000000004,0.8660254037844384
vadodara,Leafy Vegetable,2008,12,575.0,5,8.1,0.2612903225806451,4.882772714897682e-05,2008-12-01,1141.6666666666667,509.1666666666667,830.0,633.3333333333334,938.3333333333334,316.6666666666667,657.5,161.77616566657045,775.1901366607249,166.65866747718152,65.83333333333331,-58.33333333333337,241.0,-3.08507438016529,5.079162948265543e-05,-5.5880973316745614e-06,-2.4492935982947064e-16,1.0
vadodara,Leafy Vegetable,2009,1,808.3333333333334,3,0.0,0.0,4.693248816264612e-05,2009-01-01,1357.9545454545455,575.0,509.1666666666667,830.0,882.9545454545455,342.5,638.0555555555555,169.4565114100345,714.6345811051693,161.45221805238776,233.33333333333337,-21.66666666666663,46.5,-2.1625,4.882772714897682e-05,-5.993500869227334e-06,0.49999999999999994,0.8660254037844387
vadodara,Leafy Vegetable,2009,4,475.0,1,0.0,0.0,3.279210323128424e-05,2009-04-01,923.4375,808.3333333333334,575.0,509.1666666666667,857.3529411764706,350.0,630.8333333333334,157.20430797037446,702.1977124183007,148.2254263777385,-333.33333333333337,-34.166666666666686,22.299999999999997,-0.6647058823529413,4.693248816264612e-05,-1.799952625137119e-05,0.8660254037844387,-0.4999999999999998
vadodara,Leafy Vegetable,2009,5,957.1428571428572,7,0.0,0.0,2.884019494387979e-05,2009-05-01,909.7222222222222,475.0,808.3333333333334,575.0,633.3333333333334,357.0,619.4444444444445,171.05338131489586,638.4722222222223,150.3555200430216,482.1428571428572,382.1428571428572,8.1,-8.128571428571428,3.279210323128424e-05,-1.998753220509703e-05,0.49999999999999994,-0.8660254037844387
vadodara,Leafy Vegetable,2009,6,1141.6666666666667,12,12.7,0.4233333333333333,2.838701641105084e-05,2009-06-01,235.52631578947367,957.1428571428572,475.0,808.3333333333334,830.0,470.45454545454544,746.825396825397,246.88631667949417,692.4404761904761,198.53616436329892,184.52380952380952,333.33333333333337,0.0,-88.63,2.884019494387979e-05,-1.854547175159528e-05,1.2246467991473532e-16,-1.0
vadodara,Leafy Vegetable,2009,7,1357.9545454545455,22,418.6,13.503225806451614,3.199881281536331e-05,2009-07-01,500.0,1141.6666666666667,957.1428571428572,475.0,509.1666666666667,460.0,857.936507936508,344.2274479225182,744.3849206349206,269.73143627232264,216.28787878787875,882.9545454545455,12.7,73.47826086956525,2.838701641105084e-05,-7.9329041592093e-07,-0.4999999999999997,-0.8660254037844388
vadodara,Leafy Vegetable,2009,8,923.4375,16,130.1,4.196774193548387,5.164488658619444e-05,2009-08-01,723.0769230769231,1357.9545454545455,1141.6666666666667,957.1428571428572,575.0,938.3333333333334,1152.2546897546897,200.6155079910334,885.8495670995671,336.1076669381012,-434.5170454545455,-33.705357142857224,431.3,-173.95909090909092,3.199881281536331e-05,2.2804691642314653e-05,-0.8660254037844384,-0.5000000000000004
vadodara,Leafy Vegetable,2009,9,909.7222222222222,18,41.6,1.3866666666666667,6.077232074678274e-05,2009-09-01,675.625,923.4375,1357.9545454545455,1141.6666666666667,808.3333333333334,882.9545454545455,1141.0195707070707,217.25924548226277,943.9224837662338,299.79741036425435,-13.715277777777828,-231.94444444444457,561.4,-184.45454545454544,5.164488658619444e-05,3.23853043357319e-05,-1.0,-1.8369701987210297e-16
anand,Leafy Vegetable,2009,9,235.52631578947367,19,19.7,0.6566666666666666,5.651017432010256e-05,2009-09-01,421.875,909.7222222222222,923.4375,1357.9545454545455,475.0,857.3529411764706,1063.704755892256,254.9200486509816,960.8206319143819,293.41587960269237,-674.1959064327485,-1122.4282296650717,590.3,-206.35454545454544,6.077232074678274e-05,2.4511361504739253e-05,-1.0,-1.8369701987210297e-16
anand,Leafy Vegetable,2009,10,500.0,13,3.9,0.1258064516129032,5.0737499704643386e-05,2009-10-01,293.1818181818182,235.52631578947367,909.7222222222222,923.4375,957.1428571428572,633.3333333333334,689.5620126705653,393.2662428213925,920.9083512126275,377.0773421248281,264.47368421052636,-423.4375,191.4,-23.227272727272727,5.651017432010256e-05,-9.073868815510569e-07,-0.8660254037844386,0.5000000000000001
vadodara,Leafy Vegetable,2009,10,723.0769230769231,13,15.7,0.5064516129032258,5.731602989107064e-05,2009-10-01,675.0,500.0,235.52631578947367,909.7222222222222,1141.6666666666667,830.0,548.4161793372319,339.69563564885624,844.7178750221514,412.78507202837613,223.0769230769231,-186.64529914529908,65.2,-11.427272727272726,5.0737499704643386e-05,-3.456290855712096e-06,-0.8660254037844386,0.5000000000000001
vadodara,Leafy Vegetable,2009,11,675.625,8,32.6,1.086666666666667,5.432493636165676e-05,2009-11-01,216.66666666666663,723.0769230769231,500.0,235.52631578947367,1357.9545454545455,509.1666666666667,486.2010796221322,244.06803625072808,774.952917757194,387.1363117056507,-47.451923076923094,440.09868421052636,39.3,21.690925619834715,5.731602989107064e-05,-2.1852379584458016e-06,-0.5000000000000004,0.8660254037844384
anand,Leafy Vegetable,2009,11,421.875,16,6.2,0.2066666666666666,4.715278859829066e-05,2009-11-01,225.0,675.625,723.0769230769231,500.0,923.4375,575.0,632.900641025641,117.51534597530048,661.2313268481032,261.4391535788487,-253.75,-78.125,52.2,-4.709074380165288,5.432493636165676e-05,-3.5847111063527282e-06,-0.5000000000000004,0.8660254037844384
anand,Leafy Vegetable,2009,12,293.1818181818182,22,0.2,0.0064516129032258,5.2258359957829074e-05,2009-12-01,412.5,421.875,675.625,723.0769230769231,909.7222222222222,808.3333333333334,606.8589743589743,161.9482149582271,577.6375768481031,240.15163495133737,-128.6931818181818,-429.8951048951049,54.5,-10.98507438016529,4.715278859829066e-05,-5.057669933241568e-06,-2.4492935982947064e-16,1.0
vadodara,Leafy Vegetable,2009,12,675.0,1,1.6,0.0516129032258064,5.202655872086434e-05,2009-12-01,979.1666666666666,293.1818181818182,421.875,675.625,235.52631578947367,475.0,463.56060606060606,194.59949677294694,474.8808428413692,197.81063039774918,381.8181818181818,-0.625,38.99999999999999,-9.58507438016529,5.2258359957829074e-05,-2.2983776407924206e-06,-2.4492935982947064e-16,1.0
anand,Leafy Vegetable,2010,1,216.66666666666663,12,0.4,0.0129032258064516,5.890483151147746e-05,2010-01-01,1150.0,675.0,293.1818181818182,421.875,500.0,957.1428571428572,463.3522727272727,194.2589871959735,548.1264568764569,171.00455846623333,-458.33333333333337,-205.20833333333337,7.999999999999993,-1.7625000000000002,5.202655872086434e-05,1.1752042913186803e-05,0.49999999999999994,0.8660254037844387
anand,Leafy Vegetable,2010,2,225.0,7,0.6,0.0214285714285714,5.581004504948173e-05,2010-02-01,900.0,216.66666666666663,675.0,293.1818181818182,723.0769230769231,1141.6666666666667,394.9494949494949,245.52974593138276,500.90423465423464,219.26358663761926,8.333333333333371,-68.18181818181819,2.199999999999993,0.3533333333333333,5.890483151147746e-05,3.551685091652659e-06,0.8660254037844386,0.5000000000000001
anand,Leafy Vegetable,2010,3,412.5,4,0.0,0.0,4.28367871715843e-05,2010-03-01,1255.5555555555557,225.0,216.66666666666663,675.0,675.625,1357.9545454545455,372.2222222222222,262.24635011406485,417.8914141414141,212.50801167399533,187.5,-262.5,2.599999999999993,-1.2125,5.581004504948173e-05,-9.189771549280041e-06,1.0,6.123233995736766e-17
vadodara,Leafy Vegetable,2010,5,979.1666666666666,6,0.2,0.0064516129032258,2.792508438587649e-05,2010-05-01,1175.0,412.5,225.0,216.66666666666663,421.875,923.4375,284.7222222222222,110.73721814043421,374.0372474747474,171.96605106295073,566.6666666666666,762.5,0.9999999999999929,-7.928571428571428,4.28367871715843e-05,-3.097974712560097e-05,0.49999999999999994,-0.8660254037844387
anand,Leafy Vegetable,2010,5,1150.0,2,0.0,0.0,3.504149479152032e-05,2010-05-01,165.0,979.1666666666666,412.5,225.0,293.1818181818182,909.7222222222222,538.8888888888888,392.64800229175245,466.91919191919186,303.3125264057271,170.83333333333337,925.0,0.7999999999999929,-8.128571428571428,2.792508438587649e-05,-2.076855025796141e-05,0.49999999999999994,-0.8660254037844387
vadodara,Leafy Vegetable,2010,6,900.0,11,91.9,3.063333333333333,2.857175117260125e-05,2010-06-01,290.0,1150.0,979.1666666666666,412.5,675.0,235.52631578947367,847.2222222222222,386.0486560199566,609.7222222222222,393.45925479671365,-250.0,487.5,0.1999999999999929,-9.429999999999993,3.504149479152032e-05,-1.4265035998983047e-05,1.2246467991473532e-16,-1.0
vadodara,Leafy Vegetable,2010,7,1255.5555555555557,9,269.6,8.696774193548388,3.9113908936791e-05,2010-07-01,375.0,900.0,1150.0,979.1666666666666,216.66666666666663,500.0,1009.7222222222222,127.7702292456316,647.2222222222222,411.24528591241665,355.55555555555566,276.388888888889,92.1,-75.52173913043475,2.857175117260125e-05,1.1188824550914514e-05,-0.4999999999999997,-0.8660254037844388
vadodara,Leafy Vegetable,2010,12,1175.0,2,0.0,0.0,5.616463070318166e-05,2010-12-01,1840.0,1255.5555555555557,900.0,1150.0,225.0,723.0769230769231,1101.851851851852,182.60235869006897,820.3703703703704,412.41316581986587,-80.55555555555566,25.0,361.5,-11.18507438016529,3.9113908936791e-05,2.112313591166134e-05,-2.4492935982947064e-16,1.0
vadodara,Leafy Vegetable,2011,1,165.0,2,0.0,0.0,5.137492885392063e-05,2011-01-01,1900.0,1175.0,1255.5555555555557,900.0,412.5,675.625,1110.1851851851852,186.42869531328492,978.7037037037038,307.018802791442,-1010.0,-735.0,361.5,-2.1625,5.616463070318166e-05,2.280317768131938e-05,0.49999999999999994,0.8660254037844387
vadodara,Leafy Vegetable,2011,2,290.0,5,0.1,0.0035714285714285,4.639844618453837e-05,2011-02-01,1488.157894736842,165.0,1175.0,1255.5555555555557,979.1666666666666,421.875,865.1851851851852,607.7143815538063,937.4537037037038,400.6545730852912,125.0,-965.5555555555557,269.6,-0.14666666666666667,5.137492885392063e-05,7.284537247747368e-06,0.8660254037844386,0.5000000000000001
vadodara,Leafy Vegetable,2011,3,375.0,1,0.0,0.0,3.998936301623797e-05,2011-03-01,1848.684210526316,290.0,165.0,1175.0,1150.0,293.1818181818182,543.3333333333334,550.5981595804095,822.5925925925926,477.68573618168745,85.0,-800.0,0.1,-1.2125,4.639844618453837e-05,-1.617526768694369e-05,1.0,6.123233995736766e-17
vadodara,Leafy Vegetable,2011,4,1840.0,5,0.0,0.0,3.514009330191121e-05,2011-04-01,2397.058823529412,375.0,290.0,165.0,900.0,675.0,276.6666666666667,105.63301251661217,693.425925925926,476.2263463121406,1465.0,1675.0,0.1,-0.6647058823529413,3.998936301623797e-05,-1.623483555200942e-05,0.8660254037844387,-0.4999999999999998
vadodara,Leafy Vegetable,2011,5,1900.0,2,0.9,0.0290322580645161,3.176020402365877e-05,2011-05-01,1550.0,1840.0,375.0,290.0,1255.5555555555557,216.66666666666663,835.0,871.392563658883,850.0925925925926,672.1086604413974,60.0,1610.0,0.1,-7.228571428571428,3.514009330191121e-05,-1.4638242160879603e-05,0.49999999999999994,-0.8660254037844387
vadodara,Leafy Vegetable,2011,6,1488.157894736842,19,20.7,0.69,2.5025648068451624e-05,2011-06-01,1178.571428571429,1900.0,1840.0,375.0,1175.0,225.0,1371.6666666666667,863.6598481655452,957.5,790.8650327331463,-411.8421052631579,1113.157894736842,0.9,-80.63,3.176020402365877e-05,-1.496371494778635e-05,1.2246467991473532e-16,-1.0
vadodara,Leafy Vegetable,2011,7,1848.684210526316,19,411.8,13.283870967741937,2.9521974059316056e-05,2011-07-01,1111.5384615384614,1488.157894736842,1900.0,1840.0,165.0,412.5,1742.7192982456138,222.48849659536467,1009.6929824561403,817.9589729002964,360.526315789474,8.684210526316065,21.599999999999998,66.67826086956524,2.5025648068451624e-05,-5.618119242595157e-06,-0.4999999999999997,-0.8660254037844388
vadodara,Leafy Vegetable,2011,8,2397.058823529412,17,412.5,13.306451612903226,4.447152161290756e-05,2011-08-01,1575.0,1848.684210526316,1488.157894736842,1900.0,290.0,979.1666666666666,1745.6140350877195,224.43501445987334,1290.3070175438597,756.7323216011489,548.3746130030961,497.05882352941217,433.40000000000003,108.44090909090909,2.9521974059316056e-05,1.2711317589248791e-05,-0.8660254037844384,-0.5000000000000004
vadodara,Leafy Vegetable,2011,9,1550.0,11,110.8,3.693333333333333,5.88828483019177e-05,2011-09-01,4775.0,2397.058823529412,1848.684210526316,1488.157894736842,375.0,1150.0,1911.3003095975234,457.67434545446065,1641.4834881320949,685.2087247715486,-847.0588235294122,61.84210526315792,845.0,-115.25454545454544,4.447152161290756e-05,3.385720023346608e-05,-1.0,-1.8369701987210297e-16
vadodara,Leafy Vegetable,2011,10,1178.571428571429,14,1.9,0.0612903225806451,5.515041851872309e-05,2011-10-01,750.0,1550.0,2397.058823529412,1848.684210526316,1840.0,900.0,1931.9143446852424,429.61913837006955,1837.3168214654281,323.0602478604173,-371.4285714285711,-670.1127819548872,935.1,-25.227272727272727,5.88828483019177e-05,2.5628444459407032e-05,-0.8660254037844386,0.5000000000000001
vadodara,Leafy Vegetable,2011,11,1111.5384615384614,13,0.0,0.0,5.113321035037873e-05,2011-11-01,801.3157894736842,1178.571428571429,1550.0,2397.058823529412,1900.0,1255.5555555555557,1708.5434173669466,624.5237339850778,1727.0787262273332,420.2054940382982,-67.03296703296746,-1285.5203619909507,525.1999999999999,-10.909074380165288,5.515041851872309e-05,6.661688737471172e-06,-0.5000000000000004,0.8660254037844384
vadodara,Leafy Vegetable,2011,12,1575.0,5,0.0,0.0,4.823880222691448e-05,2011-12-01,1228.7037037037037,1111.5384615384614,1178.571428571429,1550.0,1488.157894736842,1175.0,1280.0366300366302,236.18535201996457,1595.6684698170768,475.02408437700893,463.46153846153857,25.0,112.7,-11.18507438016529,5.113321035037873e-05,-1.0644046075003223e-05,-2.4492935982947064e-16,1.0
vadodara,Leafy Vegetable,2012,3,4775.0,2,0.0,0.0,3.76716674787996e-05,2012-03-01,1373.125,1575.0,1111.5384615384614,1178.571428571429,1848.684210526316,165.0,1288.3699633699634,250.48141266611404,1610.142154027603,472.40896273754566,3200.0,3596.428571428571,1.9,-1.2125,4.823880222691448e-05,-1.7478751039923487e-05,1.0,6.123233995736766e-17
vadodara,Leafy Vegetable,2012,4,750.0,2,0.4,0.0133333333333333,3.53326422179392e-05,2012-04-01,1744.047619047619,4775.0,1575.0,1111.5384615384614,2397.058823529412,290.0,2487.179487179487,1994.816075123222,2097.861452273217,1389.1042674746243,-4025.0,-361.53846153846143,0.0,-0.26470588235294124,3.76716674787996e-05,-1.580056813243953e-05,0.8660254037844387,-0.4999999999999998
vadodara,Leafy Vegetable,2012,5,801.3157894736842,19,1.3,0.0419354838709677,3.040512827997912e-05,2012-05-01,1854.1666666666667,750.0,4775.0,1575.0,1550.0,375.0,2366.6666666666665,2126.0781578609312,1823.351648351648,1478.0481022242923,51.31578947368416,-773.6842105263158,0.4,-6.828571428571428,3.53326422179392e-05,-1.783367394693536e-05,0.49999999999999994,-0.8660254037844387
vadodara,Leafy Vegetable,2012,6,1228.7037037037037,27,15.7,0.5233333333333333,2.7766463196697e-05,2012-06-01,1117.1875,801.3157894736842,750.0,4775.0,1178.571428571429,1840.0,2108.7719298245615,2309.1637921996585,1698.5709465972623,1536.1995830254682,427.38791423001953,-3546.2962962962965,1.7000000000000002,-85.63,3.040512827997912e-05,-9.9052042821026e-06,1.2246467991473532e-16,-1.0
vadodara,Leafy Vegetable,2012,7,1373.125,40,178.7,5.764516129032257,2.7640021908244583e-05,2012-07-01,726.4705882352941,1228.7037037037037,801.3157894736842,750.0,1111.5384615384614,1900.0,926.6731643924626,262.82154129714576,1706.926325785975,1532.938527630321,144.4212962962963,623.125,17.4,-166.4217391304348,2.7766463196697e-05,-7.692620309694618e-06,-0.4999999999999997,-0.8660254037844388
vadodara,Leafy Vegetable,2012,8,1744.047619047619,21,250.9,8.093548387096774,4.055280123136793e-05,2012-08-01,862.5,1373.125,1228.7037037037037,801.3157894736842,1575.0,1488.157894736842,1134.381497725796,297.344837211085,1750.5240821962313,1516.2476497911741,370.92261904761904,942.7318295739349,195.7,-53.15909090909091,2.7640021908244583e-05,1.014767295138881e-05,-0.8660254037844384,-0.5000000000000004
vadodara,Leafy Vegetable,2012,9,1854.1666666666667,18,405.5,13.516666666666667,6.711870476439596e-05,2012-09-01,1325.0,1744.047619047619,1373.125,1228.7037037037037,4775.0,1848.684210526316,1448.6254409171077,265.838438162179,1778.6986853708343,1513.9025773837695,110.1190476190477,625.462962962963,445.29999999999995,179.44545454545457,4.055280123136793e-05,3.935224156769896e-05,-1.0,-1.8369701987210297e-16
vadodara,Leafy Vegetable,2012,10,1117.1875,32,7.399999999999999,0.2387096774193548,5.7848183073190456e-05,2012-10-01,2717.5,1854.1666666666667,1744.047619047619,1373.125,750.0,2397.058823529412,1657.1130952380954,252.02872820345522,1291.893129815279,461.6277772578202,-736.9791666666667,-255.9375,835.0999999999999,-19.727272727272727,6.711870476439596e-05,3.0208161164945873e-05,-0.8660254037844386,0.5000000000000001
vadodara,Leafy Vegetable,2012,11,726.4705882352941,17,0.0,0.0,5.319626307153251e-05,2012-11-01,2113.75,1117.1875,1854.1666666666667,1744.047619047619,801.3157894736842,1550.0,1571.8005952380954,397.5378610064725,1353.0910464819456,394.9439977014695,-390.71691176470586,-1017.5770308123249,663.8,-10.909074380165288,5.7848183073190456e-05,1.2643461840164583e-05,-0.5000000000000004,0.8660254037844384
vadodara,Leafy Vegetable,2012,12,862.5,2,0.0,0.0,5.080756795430615e-05,2012-12-01,1368.0,726.4705882352941,1117.1875,1854.1666666666667,1228.7037037037037,1178.571428571429,1232.6082516339868,572.6395670560934,1340.6168462755472,416.45346367248914,136.02941176470586,-991.6666666666667,412.8999999999999,-11.18507438016529,5.319626307153251e-05,-1.6311136810089814e-05,-2.4492935982947064e-16,1.0
vadodara,Leafy Vegetable,2013,2,1325.0,1,0.1,0.0035714285714285,4.490651407310718e-05,2013-02-01,1550.0,862.5,726.4705882352941,1117.1875,1373.125,1111.5384615384614,902.0526960784314,198.33869544303025,1279.5828956582634,460.6273429722809,462.5,207.8125,7.399999999999942,-0.14666666666666667,5.080756795430615e-05,-1.2941669000083274e-05,0.8660254037844386,0.5000000000000001
vadodara,Leafy Vegetable,2013,4,2717.5,10,3.4,0.1133333333333333,3.672993713820415e-05,2013-04-01,1980.0,1325.0,862.5,726.4705882352941,1744.047619047619,1575.0,971.3235294117648,313.7535411785454,1271.56206232493,459.08917019386496,1392.5,1991.0294117647059,0.09999999999994316,2.735294117647059,4.490651407310718e-05,-1.6466325933328363e-05,0.8660254037844387,-0.4999999999999998
vadodara,Leafy Vegetable,2013,5,2113.75,20,0.0,0.0,3.2176057208886606e-05,2013-05-01,1280.2631578947369,2717.5,1325.0,862.5,1854.1666666666667,4775.0,1635.0,965.5730164001055,1433.8041258169935,743.4209206426691,-603.75,1251.25,3.499999999999943,-8.128571428571428,3.672993713820415e-05,-1.863151074541954e-05,0.49999999999999994,-0.8660254037844387
vadodara,Leafy Vegetable,2013,6,1368.0,25,135.6,4.52,2.717338399229286e-05,2013-06-01,1690.625,2113.75,2717.5,1325.0,1117.1875,750.0,2052.0833333333335,698.29517099385,1477.0680147058822,779.4567939051052,-745.75,43.0,3.499999999999943,34.269999999999996,3.2176057208886606e-05,-1.7733130080814323e-05,1.2246467991473532e-16,-1.0
vadodara,Leafy Vegetable,2013,7,1550.0,26,421.5,13.596774193548388,1.9437014854664167e-05,2013-07-01,1345.4545454545455,1368.0,2113.75,2717.5,726.4705882352941,801.3157894736842,2066.4166666666665,675.9940057673072,1518.8700980392157,762.8449160563368,182.0,-1167.5,138.99999999999994,76.37826086956522,2.717338399229286e-05,-1.729292228353998e-05,-0.4999999999999997,-0.8660254037844388
vadodara,Leafy Vegetable,2013,8,1980.0,20,228.9,7.383870967741935,5.04031305998852e-05,2013-08-01,1325.0,1550.0,1368.0,2113.75,862.5,1228.7037037037037,1677.25,388.8189649438396,1656.125,658.741295008899,430.0,-133.75,557.0999999999999,-75.1590909090909,1.9437014854664167e-05,1.8227073390998594e-05,-0.8660254037844384,-0.5000000000000004
vadodara,Leafy Vegetable,2013,9,1280.2631578947369,19,281.9,9.396666666666668,6.333547523504475e-05,2013-09-01,1275.0,1980.0,1550.0,1368.0,1325.0,1373.125,1632.6666666666667,314.2631593638241,1842.375,536.0262062157054,-699.7368421052631,-87.73684210526312,785.9999999999999,55.845454545454544,5.04031305998852e-05,3.616209124275189e-05,-1.0,-1.8369701987210297e-16
vadodara,Leafy Vegetable,2013,10,1690.625,24,73.5,2.370967741935484,6.227123242869786e-05,2013-10-01,1400.0,1280.2631578947369,1980.0,1550.0,2717.5,1744.047619047619,1603.421052631579,352.9139678421075,1834.9188596491229,544.8999425557669,410.3618421052631,140.625,932.2999999999998,46.372727272727275,6.333547523504475e-05,4.283421757403369e-05,-0.8660254037844386,0.5000000000000001
vadodara,Leafy Vegetable,2013,11,1345.4545454545455,11,0.0,0.0,5.66278761800257e-05,2013-11-01,1454.1666666666667,1690.625,1280.2631578947369,1980.0,2113.75,1854.1666666666667,1650.296052631579,351.6073520942702,1663.7730263157894,331.87515966447575,-345.1704545454545,-634.5454545454545,584.2999999999998,-10.909074380165288,6.227123242869786e-05,6.2247455801405e-06,-0.5000000000000004,0.8660254037844384
vadodara,Leafy Vegetable,2013,12,1325.0,3,0.3,0.0096774193548387,5.181977540782548e-05,2013-12-01,1490.3846153846157,1345.4545454545455,1690.625,1280.2631578947369,1368.0,1117.1875,1438.7809011164275,220.52566032063532,1535.723783891547,265.0182391877508,-20.454545454545496,44.73684210526312,355.39999999999986,-10.885074380165289,5.66278761800257e-05,-1.1515699827219267e-05,-2.4492935982947064e-16,1.0
vadodara,Leafy Vegetable,2014,1,1275.0,1,23.8,0.767741935483871,5.156288685347784e-05,2014-01-01,2006.6666666666667,1325.0,1345.4545454545455,1690.625,1550.0,726.4705882352941,1453.693181818182,205.44369534654626,1528.5571172248804,270.9754285018794,-50.0,-415.625,73.79999999999988,21.6375,5.181977540782548e-05,-1.0708345575220017e-05,0.49999999999999994,0.8660254037844387
vadodara,Leafy Vegetable,2014,2,1400.0,2,1.1,0.0392857142857142,4.963128467696571e-05,2014-02-01,2686.111111111112,1275.0,1325.0,1345.4545454545455,1980.0,862.5,1315.1515151515152,36.24507186032845,1482.723783891547,289.26308512006943,125.0,54.545454545454504,24.099999999999888,0.8533333333333334,5.156288685347784e-05,-6.996591503059991e-06,0.8660254037844386,0.5000000000000001
vadodara,Leafy Vegetable,2014,3,1454.1666666666667,6,1.2,0.0387096774193548,4.268537272931497e-05,2014-03-01,3471.0526315789475,1400.0,1275.0,1325.0,1280.2631578947369,1325.0,1333.3333333333333,62.915286960593534,1386.0571172248804,156.11443540776708,54.16666666666674,129.16666666666674,25.19999999999989,-0.012499999999999956,4.963128467696571e-05,-9.134402678510508e-06,1.0,6.123233995736766e-17
vadodara,Leafy Vegetable,2014,4,1490.3846153846157,13,0.3,0.01,3.6948493398557165e-05,2014-04-01,2838.235294117647,1454.1666666666667,1400.0,1275.0,1690.625,2717.5,1376.3888888888887,91.88736059457419,1415.0410353535353,148.50234243762853,36.21794871794896,215.3846153846157,26.099999999999888,-0.36470588235294127,4.268537272931497e-05,-1.4614393454920675e-05,0.8660254037844387,-0.4999999999999998
vadodara,Leafy Vegetable,2014,5,2006.6666666666667,15,0.0,0.0,3.302364697322768e-05,2014-05-01,1815.909090909091,1490.3846153846157,1454.1666666666667,1400.0,1345.4545454545455,2113.75,1448.1837606837607,45.48836167149026,1381.667637917638,81.62372215289219,516.282051282051,606.6666666666667,2.5999999999998864,-8.128571428571428,3.6948493398557165e-05,-1.6607637703738027e-05,0.49999999999999994,-0.8660254037844387
vadodara,Leafy Vegetable,2014,6,2686.111111111112,9,8.9,0.2966666666666667,2.887152095341964e-05,2014-06-01,1613.235294117647,2006.6666666666667,1490.3846153846157,1454.1666666666667,1325.0,1368.0,1650.4059829059831,309.0617916332509,1491.8696581196582,264.4835142016659,679.4444444444455,1231.9444444444455,1.4999999999998863,-92.42999999999999,3.302364697322768e-05,-1.3813851775895332e-05,1.2246467991473532e-16,-1.0
vadodara,Leafy Vegetable,2014,7,3471.0526315789475,19,348.5,11.241935483870968,2.7960529674831627e-05,2014-07-01,1412.5,2686.111111111112,2006.6666666666667,1490.3846153846157,1275.0,1550.0,2061.0541310541316,599.7157329580917,1718.7215099715104,536.5359700025334,784.9415204678353,1980.6680161943318,9.199999999999887,3.3782608695652243,2.887152095341964e-05,-8.987963723725538e-06,-0.4999999999999997,-0.8660254037844388
vadodara,Leafy Vegetable,2014,8,2838.235294117647,17,198.4,6.4,4.699883733734556e-05,2014-08-01,3587.5,3471.0526315789475,2686.111111111112,2006.6666666666667,1400.0,1980.0,2721.2768031189094,732.826059156469,2084.730281901335,837.7774513673562,-632.8173374613007,831.5686274509801,357.39999999999986,-105.6590909090909,2.7960529674831627e-05,1.3975190364117875e-05,-0.8660254037844384,-0.5000000000000004
vadodara,Leafy Vegetable,2014,9,1815.909090909091,22,344.6,11.486666666666668,6.155491191770648e-05,2014-09-01,2408.333333333333,2838.235294117647,3471.0526315789475,2686.111111111112,1454.1666666666667,1280.2631578947369,2998.4663456025687,416.27970168331865,2324.436164254276,807.9004981274277,-1022.3262032085559,-870.2020202020212,555.7999999999998,118.54545454545459,4.699883733734556e-05,3.268339096428684e-05,-1.0,-1.8369701987210297e-16
vadodara,Leafy Vegetable,2014,10,1613.235294117647,17,0.8,0.0258064516129032,5.7026781017508654e-05,2014-10-01,2444.04761904762,1815.909090909091,2838.235294117647,3471.0526315789475,1490.3846153846157,1690.625,2708.3990055352283,835.1755093571184,2384.72656829468,740.6668972419691,-202.67379679144392,-1857.8173374613004,891.4999999999999,-26.327272727272724,6.155491191770648e-05,2.9066251342677027e-05,-0.8660254037844386,0.5000000000000001
vadodara,Leafy Vegetable,2014,11,1412.5,18,8.0,0.2666666666666666,5.42441823846804e-05,2014-11-01,2150.0,1613.235294117647,1815.909090909091,2838.235294117647,2006.6666666666667,1345.4545454545455,2089.1265597147953,656.6141096149562,2405.201681416852,712.1478974486056,-200.73529411764707,-1425.7352941176468,543.7999999999998,-2.909074380165288,5.7026781017508654e-05,7.2453450473348435e-06,-0.5000000000000004,0.8660254037844384
vadodara,Leafy Vegetable,2014,12,3587.5,8,0.0,0.0,5.177515000223696e-05,2014-12-01,1176.5625,1412.5,1613.235294117647,1815.909090909091,2686.111111111112,1325.0,1613.8814616755797,201.70532171067532,2306.173903639074,812.8420024677159,2175.0,1771.590909090909,353.3999999999999,-11.18507438016529,5.42441823846804e-05,-9.77976191546952e-06,-2.4492935982947064e-16,1.0
vadodara,Leafy Vegetable,2015,7,2408.333333333333,12,217.2,7.006451612903225,3.028928812260189e-05,2015-07-01,1248.2142857142858,3587.5,1412.5,1613.235294117647,3471.0526315789475,1275.0,2204.4117647058824,1201.987297991483,2456.4053851205554,965.9801136983916,-1179.166666666667,795.098039215686,8.799999999999887,-127.92173913043479,5.177515000223696e-05,-2.6737492894906766e-05,-0.4999999999999997,-0.8660254037844388
vadodara,Leafy Vegetable,2015,8,2444.04761904762,21,42.6,1.3741935483870968,5.3946805457450304e-05,2015-08-01,2228.125,2408.333333333333,3587.5,1412.5,2838.235294117647,1400.0,2469.444444444445,1088.787020461724,2279.2855020796196,830.6817766040872,35.71428571428714,1031.5476190476202,225.19999999999987,-261.4590909090909,3.028928812260189e-05,-2.973769272300971e-07,-0.8660254037844384,-0.5000000000000004
vadodara,Leafy Vegetable,2015,9,2150.0,18,94.1,3.1366666666666663,6.324339136133129e-05,2015-09-01,1300.0,2444.04761904762,2408.333333333333,3587.5,1815.909090909091,1454.1666666666667,2813.2936507936515,670.7201211493349,2213.587556234615,792.3364732926935,-294.0476190476202,-1437.5,259.7999999999999,-131.95454545454544,5.3946805457450304e-05,1.1468241359094324e-05,-1.0,-1.8369701987210297e-16
vadodara,Leafy Vegetable,2015,10,1176.5625,16,0.0,0.0,5.9707288964469726e-05,2015-10-01,1300.0,2150.0,2444.04761904762,2408.333333333333,1613.235294117647,1490.3846153846157,2334.1269841269846,160.4554058415855,2269.2693744164335,770.2308564083297,-973.4375,-1231.770833333333,353.89999999999986,-27.127272727272725,6.324339136133129e-05,2.9418000841867837e-05,-0.8660254037844386,0.5000000000000001
vadodara,Leafy Vegetable,2015,11,1248.2142857142858,14,1.0,0.0333333333333333,5.621051729028894e-05,2015-11-01,1188.888888888889,1176.5625,2150.0,2444.04761904762,1412.5,2006.6666666666667,1923.536706349207,663.3956958559195,2196.4905753968255,860.0145275727126,71.65178571428578,-1195.8333333333344,136.69999999999987,-9.909074380165288,5.9707288964469726e-05,2.2637118328386335e-06,-0.5000000000000004,0.8660254037844384
vadodara,Leafy Vegetable,2015,12,2228.125,8,0.0,0.0,5.0986610246527535e-05,2015-12-01,2431.818181818182,1248.2142857142858,1176.5625,2150.0,3587.5,2686.111111111112,1524.9255952380954,542.5145188982009,2169.1096230158732,891.9880423104215,979.9107142857142,78.125,95.09999999999988,-11.18507438016529,5.621051729028894e-05,-1.2256781114803751e-05,-2.4492935982947064e-16,1.0
vadodara,Leafy Vegetable,2016,1,1300.0,1,0.1,0.0032258064516129,4.657092953321952e-05,2016-01-01,2425.0,2228.125,1248.2142857142858,1176.5625,2408.333333333333,3471.0526315789475,1550.9672619047622,587.5291025095723,1942.5471230158735,576.5208570183374,-928.125,123.4375,0.9999999999998863,-2.0625,5.0986610246527535e-05,-1.3136359431250203e-05,0.49999999999999994,0.8660254037844387
vadodara,Leafy Vegetable,2016,2,1300.0,2,0.0,0.0,4.224569361379021e-05,2016-02-01,3234.2105263157896,1300.0,2228.125,1248.2142857142858,2444.04761904762,2838.235294117647,1592.1130952380954,551.4107337549458,1757.824900793651,574.9882969528277,0.0,51.78571428571422,1.0999999999998864,-0.24666666666666667,4.657092953321952e-05,-1.3964823676498728e-05,0.8660254037844386,0.5000000000000001
vadodara,Leafy Vegetable,2016,3,1188.888888888889,9,3.4,0.1096774193548387,3.924334802649991e-05,2016-03-01,3329.4117647058824,1300.0,1300.0,2228.125,2150.0,1815.909090909091,1609.3750000000002,535.8532185916191,1567.1502976190477,484.4830034433936,-111.11111111111109,-1039.236111111111,0.09999999999988632,2.1875,4.224569361379021e-05,-1.1743262220027626e-05,1.0,6.123233995736766e-17
vadodara,Leafy Vegetable,2016,4,2431.818181818182,11,0.0,0.0,3.535811573535052e-05,2016-04-01,2581.25,1188.888888888889,1300.0,1300.0,1176.5625,1613.235294117647,1262.9629629629633,64.15002990995411,1406.9651124338625,405.7169110549227,1242.929292929293,1131.818181818182,3.4999999999998863,-0.6647058823529413,3.924334802649991e-05,-1.1212813797869005e-05,0.8660254037844387,-0.4999999999999998
vadodara,Leafy Vegetable,2016,5,2425.0,20,0.3,0.0096774193548387,2.90166842848997e-05,2016-05-01,1810.7142857142856,2431.818181818182,1188.888888888889,1300.0,1248.2142857142858,1412.5,1640.2356902356905,687.7779805199079,1616.1743927368927,558.1502256203764,-6.8181818181819835,1125.0,3.3999999999998862,-7.828571428571428,3.535811573535052e-05,-1.322900932889051e-05,0.49999999999999994,-0.8660254037844387
vadodara,Leafy Vegetable,2016,6,3234.2105263157896,19,74.4,2.48,2.63902022179552e-05,2016-06-01,1661.111111111111,2425.0,2431.818181818182,1188.888888888889,2228.125,3587.5,2015.2356902356905,715.6454422218375,1812.305345117845,607.5620941951001,809.2105263157896,2045.3216374269007,3.699999999999886,-26.929999999999993,2.90166842848997e-05,-1.2853145808544709e-05,1.2246467991473532e-16,-1.0
vadodara,Leafy Vegetable,2016,7,3329.4117647058824,17,201.0,6.483870967741935,2.457014318470864e-05,2016-07-01,2035.7142857142856,3234.2105263157896,2425.0,2431.818181818182,1300.0,2408.333333333333,2697.009569377991,465.2421659759393,1979.9862661704767,839.7458547363689,95.20123839009284,897.5935828877004,74.69999999999989,-144.12173913043478,2.63902022179552e-05,-1.0787972550641878e-05,-0.4999999999999997,-0.8660254037844388
vadodara,Leafy Vegetable,2016,8,2581.25,16,286.2,9.23225806451613,4.576013317560079e-05,2016-08-01,1800.0,3329.4117647058824,3234.2105263157896,2425.0,1300.0,2444.04761904762,2996.2074303405575,496.9650544102061,2318.221560288124,916.2984962915235,-748.1617647058824,156.25,275.6999999999999,-17.859090909090924,2.457014318470864e-05,1.674344889070109e-05,-0.8660254037844384,-0.5000000000000004
vadodara,Leafy Vegetable,2016,9,1810.7142857142856,14,94.6,3.1533333333333338,6.340128583531433e-05,2016-09-01,780.5555555555555,2581.25,3329.4117647058824,3234.2105263157896,1188.888888888889,2150.0,3048.290763673891,407.26051262988926,2531.7632269547903,769.0023700061731,-770.5357142857144,-1423.496240601504,561.5999999999999,-131.45454545454544,4.576013317560079e-05,3.701108361735913e-05,-1.0,-1.8369701987210297e-16
vadodara,Leafy Vegetable,2016,10,1661.111111111111,18,79.6,2.56774193548387,6.235077026749105e-05,2016-10-01,637.5,1810.7142857142856,2581.25,3329.4117647058824,2431.818181818182,1176.5625,2573.7920168067226,759.3762073628815,2635.4007930923567,567.2704544596286,-149.60317460317447,-1668.3006535947713,581.7999999999998,52.47272727272727,6.340128583531433e-05,3.778062708278241e-05,-0.8660254037844386,0.5000000000000001
vadodara,Leafy Vegetable,2016,11,2035.7142857142856,14,0.0,0.0,5.857999002875526e-05,2016-11-01,718.75,1661.111111111111,1810.7142857142856,2581.25,2425.0,1248.2142857142858,2017.691798941799,493.7546576466893,2506.949614641178,695.3812070861696,374.60317460317447,-545.5357142857144,460.39999999999986,-10.909074380165288,6.235077026749105e-05,1.281985685315447e-05,-0.5000000000000004,0.8660254037844384
vadodara,Leafy Vegetable,2016,12,1800.0,2,0.0,0.0,5.471704433300757e-05,2016-12-01,1397.2222222222222,2035.7142857142856,1661.111111111111,1810.7142857142856,3234.2105263157896,2228.125,1835.846560846561,188.56194750183255,2442.0686622602257,722.200094688575,-235.71428571428555,-10.714285714285552,174.19999999999987,-11.18507438016529,5.857999002875526e-05,-8.68424150230676e-06,-2.4492935982947064e-16,1.0
vadodara,Leafy Vegetable,2017,1,780.5555555555555,9,0.3,0.0096774193548387,4.9457989493898464e-05,2017-01-01,2378.5714285714284,1800.0,2035.7142857142856,1661.111111111111,3329.4117647058824,1300.0,1832.2751322751326,189.3756788191756,2203.0335745409275,640.2814504797569,-1019.4444444444445,-880.5555555555555,79.59999999999988,-1.8625,5.471704433300757e-05,-1.2892780773592587e-05,0.49999999999999994,0.8660254037844387
vadodara,Leafy Vegetable,2017,2,637.5,4,0.0,0.0,4.56623125551594e-05,2017-02-01,2221.6216216216217,780.5555555555555,1800.0,2035.7142857142856,2581.25,1300.0,1538.756613756614,667.1146375364209,1778.224206349206,586.8116513054041,-143.05555555555554,-1398.2142857142856,0.2999999999998863,-0.24666666666666667,4.9457989493898464e-05,-1.2917677473595864e-05,0.8660254037844386,0.5000000000000001
vadodara,Leafy Vegetable,2017,3,718.75,8,0.0,0.0,3.977519006708761e-05,2017-03-01,2484.782608695652,637.5,780.5555555555555,1800.0,1810.7142857142856,1188.888888888889,1072.6851851851854,633.9214090726539,1454.265873015873,591.3453897350931,81.25,-1081.25,0.2999999999998863,-1.2125,4.56623125551594e-05,-1.4941854265919964e-05,1.0,6.123233995736766e-17
vadodara,Leafy Vegetable,2017,4,1397.2222222222222,18,0.0,0.0,3.67560732938184e-05,2017-04-01,2244.0789473684213,718.75,637.5,780.5555555555555,1661.111111111111,2431.818181818182,712.2685185185188,71.74768425165948,1272.2718253968253,626.6807764939409,678.4722222222222,616.6666666666666,0.2999999999998863,-0.6647058823529413,3.977519006708761e-05,-1.2701916200080063e-05,0.8660254037844387,-0.4999999999999998
vadodara,Leafy Vegetable,2017,5,2378.5714285714284,35,0.6,0.0193548387096774,3.243629367554827e-05,2017-05-01,2150.6944444444443,1397.2222222222222,718.75,637.5,2035.7142857142856,2425.0,917.8240740740744,417.1538432771616,1228.290343915344,602.7361554457201,981.3492063492063,1741.0714285714284,0.0,-7.5285714285714285,3.67560732938184e-05,-1.322601887961113e-05,0.49999999999999994,-0.8660254037844387
vadodara,Leafy Vegetable,2017,6,2221.6216216216217,37,101.0,3.3666666666666667,3.772690697367215e-05,2017-06-01,1567.391304347826,2378.5714285714284,1397.2222222222222,718.75,1800.0,3234.2105263157896,1498.1812169312173,834.5036444771889,1285.4332010582011,702.5774947434882,-156.94980694980677,1502.8716216216217,0.5999999999998863,-0.3299999999999983,3.243629367554827e-05,-2.048283093415461e-06,1.2246467991473532e-16,-1.0
vadodara,Leafy Vegetable,2017,7,2484.782608695652,23,443.2,14.296774193548387,3.753362453743769e-05,2017-07-01,1164.84375,2221.6216216216217,2378.5714285714284,1397.2222222222222,780.5555555555555,3329.4117647058824,1999.1384241384246,527.1485996114473,1355.7034713284713,781.0400736864739,263.16098707403034,1087.5603864734298,101.59999999999988,98.07826086956521,3.772690697367215e-05,7.775512436192897e-07,-0.4999999999999997,-0.8660254037844388
vadodara,Leafy Vegetable,2017,8,2244.0789473684213,38,223.3,7.203225806451612,5.504342202146192e-05,2017-08-01,752.8846153846154,2484.782608695652,2221.6216216216217,2378.5714285714284,637.5,2581.25,2361.658552962901,132.393203377098,1639.7413135184872,837.8636621986885,-240.70366132723075,-134.49248120300717,544.7999999999998,-80.7590909090909,3.753362453743769e-05,2.2607128345913652e-05,-0.8660254037844384,-0.5000000000000004
vadodara,Leafy Vegetable,2017,9,2150.6944444444443,36,142.5,4.75,6.549974894120001e-05,2017-09-01,899.2424242424242,2244.0789473684213,2484.782608695652,2221.6216216216217,718.75,1810.7142857142856,2316.827725895232,145.88596526840718,1907.5044714132243,698.6603259058719,-93.38450292397692,-70.92717717717733,767.4999999999999,-83.55454545454543,5.504342202146192e-05,2.777284196752786e-05,-1.0,-1.8369701987210297e-16
vadodara,Leafy Vegetable,2017,10,1567.391304347826,23,8.2,0.264516129032258,6.032460698639477e-05,2017-10-01,838.8888888888889,2150.6944444444443,2244.0789473684213,2484.782608695652,1397.2222222222222,1661.111111111111,2293.1853335028395,172.3725710273122,2146.161878820632,385.9770138207554,-583.3031400966183,-917.391304347826,808.9999999999999,-18.927272727272726,6.549974894120001e-05,2.2790982448957078e-05,-0.8660254037844386,0.5000000000000001
vadodara,Leafy Vegetable,2017,11,1164.84375,32,0.0,0.0,5.652344438852288e-05,2017-11-01,702.1739130434783,1567.391304347826,2150.6944444444443,2244.0789473684213,2378.5714285714284,2035.7142857142856,1987.3882320535643,366.71273608681645,2174.523392508232,320.66486926006246,-402.547554347826,-1079.2351973684213,373.99999999999994,-10.909074380165288,6.032460698639477e-05,1.4800223670609615e-06,-0.5000000000000004,0.8660254037844384
vadodara,Leafy Vegetable,2017,12,752.8846153846154,26,57.7,1.861290322580645,5.505802784600672e-05,2017-12-01,1545.945945945946,1164.84375,1567.391304347826,2150.6944444444443,2221.6216216216217,1800.0,1627.6431662640905,495.6794458946512,1972.2354460796607,499.2844263023702,-411.95913461538464,-1397.809829059829,150.69999999999993,46.51492561983471,5.652344438852288e-05,-1.0441721095193292e-05,-2.4492935982947064e-16,1.0
vadodara,Leafy Vegetable,2018,1,899.2424242424242,33,0.0,0.0,5.217911588818834e-05,2018-01-01,1974.3902439024391,752.8846153846154,1164.84375,1567.391304347826,2484.782608695652,780.5555555555555,1161.7065565774808,407.26240690540243,1727.44594504016,679.928860483312,146.3578088578089,-668.1488801054018,65.89999999999995,-2.1625,5.505802784600672e-05,-8.14549109820643e-06,0.49999999999999994,0.8660254037844387
vadodara,Leafy Vegetable,2018,2,838.8888888888889,18,0.1,0.0035714285714285,4.478107209885063e-05,2018-02-01,1573.6842105263158,899.2424242424242,752.8846153846154,1164.84375,2244.0789473684213,637.5,938.9902632090135,208.8360605239233,1463.1892476312887,633.2280653260627,-60.353535353535335,-325.9548611111111,57.699999999999946,-0.14666666666666667,5.217911588818834e-05,-1.1742372289672252e-05,0.8660254037844386,0.5000000000000001
vadodara,Leafy Vegetable,2018,3,702.1739130434783,23,0.1,0.0032258064516129,4.110534158744603e-05,2018-03-01,2635.0,838.8888888888889,899.2424242424242,752.8846153846154,2150.6944444444443,718.75,830.3386428386431,73.55258040379977,1228.9909045513666,539.5846448788166,-136.71497584541066,-50.71070234113711,57.79999999999995,-1.1124999999999998,4.478107209885063e-05,-1.3952686258560684e-05,1.0,6.123233995736766e-17
vadodara,Leafy Vegetable,2018,4,1545.945945945946,37,0.4,0.0133333333333333,3.540822028242283e-05,2018-04-01,2222.1153846153848,702.1739130434783,838.8888888888889,899.2424242424242,1567.391304347826,1397.2222222222222,813.4350753915975,100.96990637170789,987.5708159845389,326.8194354848843,843.7720329024678,646.7035217035218,0.19999999999994317,-0.26470588235294124,4.110534158744603e-05,-1.677089560576551e-05,0.8660254037844387,-0.4999999999999998
vadodara,Leafy Vegetable,2018,5,1974.3902439024391,41,0.0,0.0,2.9869211554564053e-05,2018-05-01,1888.793103448276,1545.945945945946,702.1739130434783,838.8888888888889,1164.84375,2378.5714285714284,1029.002915959438,452.87450617563854,983.9965895842255,319.23942535993444,428.4442979564931,1135.5013550135502,0.5999999999999432,-8.128571428571428,3.540822028242283e-05,-1.4911860544286576e-05,0.49999999999999994,-0.8660254037844387
vadodara,Leafy Vegetable,2018,6,1573.6842105263158,19,59.4,1.98,2.637589104681856e-05,2018-06-01,1534.4827586206898,1974.3902439024391,1545.945945945946,702.1739130434783,752.8846153846154,2221.6216216216217,1407.5033676306214,647.3085498771081,1118.9210052346318,519.3294447597636,-400.7060333761233,871.5102974828376,0.4999999999999432,-41.93,2.9869211554564053e-05,-1.4729450540627474e-05,1.2246467991473532e-16,-1.0
vadodara,Leafy Vegetable,2018,7,2635.0,25,601.2,19.39354838709677,2.0991783270290963e-05,2018-07-01,1443.0555555555557,1573.6842105263158,1974.3902439024391,1545.945945945946,899.2424242424242,2484.782608695652,1698.0068001249008,239.75656159160494,1255.7209377582487,511.6750855639465,1061.3157894736842,1089.054054054054,59.79999999999994,256.07826086956527,2.637589104681856e-05,-1.4416437012131864e-05,-0.4999999999999997,-0.8660254037844388
vadodara,Leafy Vegetable,2018,8,2222.1153846153848,26,251.5,8.112903225806452,4.1151207881976416e-05,2018-08-01,2150.0,2635.0,1573.6842105263158,1974.3902439024391,838.8888888888889,2244.0789473684213,2061.0248181429183,535.9355962584539,1545.013867051178,718.644331118126,-412.88461538461524,247.72514071294563,660.6,-52.55909090909091,2.0991783270290963e-05,1.1281996327412363e-05,-0.8660254037844384,-0.5000000000000004
vadodara,Leafy Vegetable,2018,9,1888.793103448276,29,94.6,3.1533333333333333,6.527250868633212e-05,2018-09-01,965.3846153846154,2222.1153846153848,2635.0,1573.6842105263158,702.1739130434783,2150.6944444444443,2143.599865047234,534.996557331283,1775.5516163389275,666.8157812265977,-333.3222811671087,315.1088929219602,912.1,-131.45454545454544,4.1151207881976416e-05,3.8896617639513564e-05,-1.0,-1.8369701987210297e-16
vadodara,Leafy Vegetable,2018,10,1534.4827586206898,29,1.5,0.0483870967741935,5.83801011381041e-05,2018-10-01,795.3125,1888.793103448276,2222.1153846153848,2635.0,1545.945945945946,1567.391304347826,2248.636162687887,373.80970675935026,1973.3214814063938,412.12203381093116,-354.3103448275863,-1100.5172413793102,947.3000000000001,-25.627272727272725,6.527250868633212e-05,3.7388317867813134e-05,-0.8660254037844386,0.5000000000000001
vadodara,Leafy Vegetable,2018,11,1443.0555555555557,18,0.0,0.0,5.595160963934956e-05,2018-11-01,871.7391304347826,1534.4827586206898,1888.793103448276,2222.1153846153848,1974.3902439024391,1164.84375,1881.7970822281175,343.8696923512906,1971.4109501855175,414.51912604633804,-91.42720306513411,-779.0598290598291,347.6,-10.909074380165288,5.83801011381041e-05,1.4800401757373145e-05,-0.5000000000000004,0.8660254037844384
vadodara,Leafy Vegetable,2018,12,2150.0,16,0.0,0.0,5.209525347148433e-05,2018-12-01,2157.3529411764707,1443.0555555555557,1534.4827586206898,1888.793103448276,1573.6842105263158,752.8846153846154,1622.1104725415073,235.4346036282546,1882.8551687943702,467.16770385544623,706.9444444444443,261.20689655172396,96.1,-11.18507438016529,5.595160963934956e-05,-1.317725521484779e-05,-2.4492935982947064e-16,1.0
vadodara,Leafy Vegetable,2019,1,965.3846153846154,13,0.0,0.0,4.8658415261998366e-05,2019-01-01,1928.658536585366,2150.0,1443.0555555555557,1534.4827586206898,2635.0,899.2424242424242,1709.1794380587487,384.48902355948536,1978.9078003733175,449.81137131733385,-1184.6153846153848,-569.0981432360744,1.5,-2.1625,5.209525347148433e-05,-9.721685876105731e-06,0.49999999999999994,0.8660254037844387
vadodara,Leafy Vegetable,2019,2,795.3125,16,0.0,0.0,4.428682187767256e-05,2019-02-01,2194.021739130435,965.3846153846154,2150.0,1443.0555555555557,2222.1153846153848,838.8888888888889,1519.4800569800573,595.9940693332027,1700.638569604087,478.2930131568237,-170.07211538461536,-647.7430555555557,0.0,-0.24666666666666667,4.8658415261998366e-05,-1.1664787761676998e-05,0.8660254037844386,0.5000000000000001
vadodara,Leafy Vegetable,2019,3,871.7391304347826,23,0.0,0.0,3.955607391118127e-05,2019-03-01,2603.723404255319,795.3125,965.3846153846154,2150.0,1888.793103448276,702.1739130434783,1303.5657051282053,737.9494513577363,1462.8380888348563,520.0391992838919,76.42663043478262,-1278.2608695652175,0.0,-1.2125,4.428682187767256e-05,-1.2539179560303058e-05,1.0,6.123233995736766e-17
vadodara,Leafy Vegetable,2019,4,2157.3529411764707,34,0.0,0.0,3.559507081676795e-05,2019-04-01,3682.9545454545455,871.7391304347826,795.3125,965.3846153846154,1534.4827586206898,1545.945945945946,877.4787486064664,85.18120990229976,1293.3290933326073,519.1848131001907,1285.6138107416882,1191.9683257918555,0.0,-0.6647058823529413,3.955607391118127e-05,-1.3063344445230415e-05,0.8660254037844387,-0.4999999999999998
vadodara,Leafy Vegetable,2019,5,1928.658536585366,41,0.0,0.0,3.099693132192509e-05,2019-05-01,3400.8064516129034,2157.3529411764707,871.7391304347826,795.3125,1443.0555555555557,1974.3902439024391,1274.8015238704181,765.2666271317444,1397.1407904252374,627.9307699756286,-228.69440459110479,1133.346036585366,0.0,-8.128571428571428,3.559507081676795e-05,-1.3289890555747474e-05,0.49999999999999994,-0.8660254037844387
vadodara,Leafy Vegetable,2019,6,2194.021739130435,46,102.8,3.4266666666666667,2.740396306854798e-05,2019-06-01,2984.6153846153848,1928.658536585366,2157.3529411764707,871.7391304347826,2150.0,1573.6842105263158,1652.58353606554,685.8307167417161,1478.0746205968724,665.2197379873201,265.36320254506904,1322.2826086956525,0.0,1.4699999999999989,3.099693132192509e-05,-1.2152110842633291e-05,1.2246467991473532e-16,-1.0
vadodara,Leafy Vegetable,2019,7,2603.723404255319,47,237.3,7.65483870967742,3.090845971274299e-05,2019-07-01,2110.4651162790697,2194.021739130435,1928.658536585366,2157.3529411764707,965.3846153846154,2635.0,2093.3444056307576,143.79578152112003,1485.4115771186116,674.2937156023414,409.70166512488413,446.3704630788484,102.8,-107.82173913043476,2.740396306854798e-05,-4.6866111040249635e-06,-0.4999999999999997,-0.8660254037844388
vadodara,Leafy Vegetable,2019,8,3682.9545454545455,22,784.7,25.31290322580645,4.639639236573711e-05,2019-08-01,1315.4411764705883,2603.723404255319,2194.021739130435,1928.658536585366,795.3125,2222.1153846153848,2242.134559990374,340.09451118605733,1758.4680419303957,749.1587786890782,1079.2311411992264,1754.2960088691796,340.1,480.64090909090913,3.090845971274299e-05,1.539946104381202e-05,-0.8660254037844384,-0.5000000000000004
vadodara,Leafy Vegetable,2019,9,3400.8064516129034,31,359.5,11.983333333333333,6.204968964763722e-05,2019-09-01,2050.0,3682.9545454545455,2603.723404255319,2194.021739130435,871.7391304347826,1888.793103448276,2826.8998962801,769.1463029758418,2239.74171617282,915.6885917840318,-282.1480938416421,1206.7847124824684,1124.8000000000002,133.44545454545457,4.639639236573711e-05,3.464572657908924e-05,-1.0,-1.8369701987210297e-16
vadodara,Leafy Vegetable,2019,10,2984.6153846153848,39,65.7,2.1193548387096777,6.539029630718842e-05,2019-10-01,3800.0,3400.8064516129034,3682.9545454545455,2603.723404255319,2157.3529411764707,1534.4827586206898,3229.1614671075895,559.7155211023799,2661.2529363691733,721.5314239040741,-416.19106699751865,380.89198036006565,1381.5,38.57272727272728,6.204968964763722e-05,3.448183659444543e-05,-0.8660254037844386,0.5000000000000001
vadodara,Leafy Vegetable,2019,11,2110.4651162790697,43,31.4,1.0466666666666666,6.42235737395206e-05,2019-11-01,2966.6666666666665,2984.6153846153848,3400.8064516129034,3682.9545454545455,1928.658536585366,1443.0555555555557,3356.1254605609447,351.30711508794474,2799.130010275659,684.0505129201639,-874.1502683363151,-1572.4894291754758,1209.8999999999999,20.490925619834712,6.539029630718842e-05,1.782718137378349e-05,-0.5000000000000004,0.8660254037844384
vadodara,Leafy Vegetable,2019,12,1315.4411764705883,34,0.4,0.0129032258064516,5.8514054855634245e-05,2019-12-01,2591.6666666666665,2110.4651162790697,2984.6153846153848,3400.8064516129034,2194.021739130435,2150.0,2831.962317502453,658.5760469315646,2829.431106891276,640.4147612461514,-795.0239398084814,-2085.365275142315,456.6,-10.78507438016529,6.42235737395206e-05,-3.535634792002972e-06,-2.4492935982947064e-16,1.0
vadodara,Leafy Vegetable,2020,1,2050.0,1,0.0,0.0,5.541830544026704e-05,2020-01-01,2183.333333333333,1315.4411764705883,2110.4651162790697,2984.6153846153848,2603.723404255319,965.3846153846154,2136.840559121681,834.899624070346,2683.001013114635,872.974815525192,734.5588235294117,-934.6153846153848,97.5,-2.1625,5.8514054855634245e-05,-9.971990866921374e-06,0.49999999999999994,0.8660254037844387
vadodara,Leafy Vegetable,2020,2,3800.0,1,0.0,0.0,5.045621608682709e-05,2020-02-01,1795.8333333333333,2050.0,1315.4411764705883,2110.4651162790697,3682.9545454545455,795.3125,1825.3020975832196,442.58629297575663,2590.713779072082,911.4525642775457,1750.0,1689.5348837209303,31.799999999999997,-0.24666666666666667,5.541830544026704e-05,-1.3767357652693511e-05,0.8660254037844386,0.5000000000000001
vadodara,Leafy Vegetable,2020,3,2966.6666666666665,3,2.1,0.0677419354838709,4.543229181175652e-05,2020-03-01,2218.181818181818,3800.0,2050.0,1315.4411764705883,3400.8064516129034,871.7391304347826,2388.480392156863,1276.3952635451353,2610.2213548296577,940.3008969417521,-833.3333333333335,1651.2254901960782,0.4,0.8875000000000002,5.045621608682709e-05,-1.3081763043877722e-05,1.0,6.123233995736766e-17
vadodara,Leafy Vegetable,2020,4,2591.6666666666665,6,0.0,0.0,3.976692767913327e-05,2020-04-01,3600.0,2966.6666666666665,3800.0,2050.0,2984.6153846153848,2157.3529411764707,2938.888888888889,875.330625366036,2537.8647240052846,882.206830270158,-375.0,541.6666666666665,2.1,-0.6647058823529413,4.543229181175652e-05,-1.5651377761133772e-05,0.8660254037844387,-0.4999999999999998
vadodara,Leafy Vegetable,2020,5,2183.333333333333,9,0.1,0.0032258064516129,3.344214532244791e-05,2020-05-01,2444.4444444444443,2591.6666666666665,2966.6666666666665,3800.0,2110.4651162790697,1928.658536585366,3119.444444444445,618.4845577281129,2472.3732710138315,856.6233910728312,-408.3333333333335,-1616.666666666667,2.1,-8.028571428571428,3.976692767913327e-05,-1.7014070764379176e-05,0.49999999999999994,-0.8660254037844387
vadodara,Leafy Vegetable,2020,6,1795.8333333333333,12,112.6,3.753333333333333,3.8762276231057335e-05,2020-06-01,2594.4444444444443,2183.333333333333,2591.6666666666665,2966.6666666666665,1315.4411764705883,2194.021739130435,2580.5555555555557,391.78485214510664,2484.517973856209,850.964133313929,-387.4999999999998,-1170.8333333333333,2.2,11.269999999999996,3.344214532244791e-05,-6.670015580699188e-06,1.2246467991473532e-16,-1.0
vadodara,Leafy Vegetable,2020,7,2218.181818181818,11,220.3,7.106451612903226,4.857728993262487e-05,2020-07-01,2620.0,1795.8333333333333,2183.333333333333,2591.6666666666665,2050.0,2603.723404255319,2190.277777777778,397.9621120063895,2564.583333333333,733.4552455482379,422.34848484848476,-373.4848484848485,112.69999999999999,-124.82173913043476,3.8762276231057335e-05,8.8103622534916e-06,-0.4999999999999997,-0.8660254037844388
vadodara,Leafy Vegetable,2020,8,3600.0,6,630.4,20.335483870967742,4.927333793702696e-05,2020-08-01,2800.0,2218.181818181818,1795.8333333333333,2183.333333333333,3800.0,3682.9545454545455,2065.782828282828,234.43154990672235,2592.613636363636,712.778619423749,1381.818181818182,1416.666666666667,333.0,326.34090909090907,4.857728993262487e-05,1.583119261457905e-05,-0.8660254037844384,-0.5000000000000004
vadodara,Leafy Vegetable,2020,11,2444.4444444444443,9,0.1,0.0033333333333333,5.802419798656559e-05,2020-11-01,5014.285714285715,3600.0,2218.181818181818,1795.8333333333333,2966.6666666666665,3400.8064516129034,2538.005050505051,943.6469229685599,2559.2803030303025,646.6290419424286,-1155.5555555555557,648.6111111111111,963.3,-10.809074380165288,4.927333793702696e-05,1.9261921755508256e-05,-0.5000000000000004,0.8660254037844384
vadodara,Leafy Vegetable,2020,12,2594.4444444444443,9,62.9,2.029032258064516,5.660268679359269e-05,2020-12-01,4990.0,2444.4444444444443,3600.0,2218.181818181818,2591.6666666666665,2984.6153846153848,2754.2087542087543,741.1618025800027,2472.243265993266,615.2099706051725,150.0,376.2626262626263,850.8000000000001,51.71492561983471,5.802419798656559e-05,8.02539686096782e-06,-2.4492935982947064e-16,1.0
vadodara,Leafy Vegetable,2021,1,2620.0,5,3.7,0.1193548387096774,5.528089452245534e-05,2021-01-01,3143.333333333333,2594.4444444444443,2444.4444444444443,3600.0,2183.333333333333,2110.4651162790697,2879.62962962963,628.3510984160458,2472.706228956229,615.3188495468529,25.555555555555657,-980.0,693.4,1.5375,5.660268679359269e-05,6.0075565854283795e-06,0.49999999999999994,0.8660254037844387
vadodara,Leafy Vegetable,2021,2,2800.0,3,0.0,0.0,4.890269241395938e-05,2021-02-01,2621.875,2620.0,2594.4444444444443,2444.4444444444443,1795.8333333333333,1315.4411764705883,2552.962962962963,94.8444687423685,2545.4840067340065,599.8775851247987,180.0,355.55555555555566,66.7,-0.24666666666666667,5.528089452245534e-05,-9.12150557260621e-06,0.8660254037844386,0.5000000000000001
vadodara,Leafy Vegetable,2021,3,5014.285714285715,7,0.0,0.0,4.23784901185683e-05,2021-03-01,2953.5714285714284,2800.0,2620.0,2594.4444444444443,2218.181818181818,2050.0,2671.4814814814818,112.03137420641346,2712.845117845118,476.23720881506546,2214.2857142857147,2419.8412698412703,66.60000000000001,-1.2125,4.890269241395938e-05,-1.4224196675024389e-05,1.0,6.123233995736766e-17
vadodara,Leafy Vegetable,2021,4,4990.0,5,0.0,0.0,3.97447593374004e-05,2021-04-01,2936.6666666666665,5014.285714285715,2800.0,2620.0,3600.0,3800.0,3478.0952380952385,1333.4207454339885,3178.8624338624336,988.2219994761298,-24.285714285714675,2370.0,3.7,-0.6647058823529413,4.23784901185683e-05,-1.5536135185054938e-05,0.8660254037844387,-0.4999999999999998
vadodara,Leafy Vegetable,2021,5,3143.333333333333,15,91.9,2.9645161290322584,3.7651045281740335e-05,2021-05-01,3029.1666666666665,4990.0,5014.285714285715,2800.0,2444.4444444444443,2966.6666666666665,4268.0952380952385,1271.465756545577,3410.5291005291,1238.043566958673,-1846.666666666667,343.33333333333303,0.0,83.77142857142857,3.97447593374004e-05,-1.1251647132219046e-05,0.49999999999999994,-0.8660254037844387
vadodara,Leafy Vegetable,2021,6,2621.875,16,142.79999999999998,4.76,3.712255292356545e-05,2021-06-01,3030.769230769231,3143.333333333333,4990.0,5014.285714285715,2594.4444444444443,2591.6666666666665,4382.539682539683,1073.2528737043183,3527.010582010582,1159.346865312981,-521.458333333333,-2392.4107142857147,91.9,41.469999999999985,3.7651045281740335e-05,-5.255937195002854e-06,1.2246467991473532e-16,-1.0
vadodara,Leafy Vegetable,2021,7,2953.5714285714284,14,187.2,6.038709677419355,2.746356778934461e-05,2021-07-01,2533.333333333333,2621.875,3143.333333333333,4990.0,2620.0,2183.333333333333,3585.069444444445,1244.3279703522371,3531.5823412698414,1154.979756146872,331.69642857142844,-2036.4285714285716,234.7,-157.9217391304348,3.712255292356545e-05,-1.2281191548055795e-05,-0.4999999999999997,-0.8660254037844388
vadodara,Leafy Vegetable,2021,8,2936.6666666666665,15,106.0,3.419354838709677,4.449316765320039e-05,2021-08-01,1921.428571428572,2953.5714285714284,2621.875,3143.333333333333,2800.0,1795.8333333333333,2906.259920634921,263.928934446583,3587.1775793650795,1109.455763231296,-16.904761904761926,-206.66666666666652,421.9,-198.0590909090909,2.746356778934461e-05,6.842122371460058e-06,-0.8660254037844384,-0.5000000000000004
vadodara,Leafy Vegetable,2021,9,3029.1666666666665,12,454.7,15.156666666666666,6.100457148837781e-05,2021-09-01,2783.333333333333,2936.6666666666665,2953.5714285714284,2621.875,5014.285714285715,2218.181818181818,2837.371031746032,186.8163470295738,3609.9553571428573,1091.3169471750527,92.5,407.2916666666665,436.0,228.64545454545456,4.449316765320039e-05,2.388201856481236e-05,-1.0,-1.8369701987210297e-16
vadodara,Leafy Vegetable,2021,10,3030.769230769231,13,27.5,0.8870967741935484,6.670206101958515e-05,2021-10-01,3300.0,3029.1666666666665,2936.6666666666665,2953.5714285714284,4990.0,3600.0,2973.134920634921,49.25555974997253,3279.102182539682,855.9500228494005,1.602564102564429,77.1978021978025,747.9,0.3727272727272748,6.100457148837781e-05,3.923849323024054e-05,-0.8660254037844386,0.5000000000000001
vadodara,Leafy Vegetable,2021,11,2533.333333333333,6,26.4,0.88,6.145642822950145e-05,2021-11-01,4883.333333333333,3030.769230769231,3029.1666666666665,2936.6666666666665,3143.333333333333,2444.4444444444443,2998.8675213675215,53.873479533603614,2952.563721001221,177.75596757383644,-497.4358974358979,-403.3333333333335,588.2,15.49092561983471,6.670206101958515e-05,1.6963260576301056e-05,-0.5000000000000004,0.8660254037844384
vadodara,Leafy Vegetable,2021,12,1921.428571428572,7,23.8,0.767741935483871,6.042924719504152e-05,2021-12-01,2978.5714285714284,2533.333333333333,3030.769230769231,3029.1666666666665,2621.875,2594.4444444444443,2864.4230769230776,286.7332484830846,2850.8970543345545,216.9471485540698,-611.904761904761,-1107.7380952380945,508.59999999999997,12.614925619834711,6.145642822950145e-05,-5.753242933362849e-07,-2.4492935982947064e-16,1.0
vadodara,Leafy Vegetable,2022,1,2783.333333333333,3,4.0,0.1290322580645161,5.686572181374252e-05,2022-01-01,3258.333333333333,1921.428571428572,2533.333333333333,3030.769230769231,2953.5714285714284,2620.0,2495.177045177046,555.6537603229083,2734.155982905983,439.32220957354053,861.904761904761,-247.4358974358979,77.7,1.8375,6.042924719504152e-05,-9.836339205842633e-06,0.49999999999999994,0.8660254037844387
vadodara,Leafy Vegetable,2022,3,3300.0,1,0.3,0.0096774193548387,4.364232457619083e-05,2022-03-01,2592.8571428571427,2783.333333333333,1921.428571428572,2533.333333333333,2936.6666666666665,2800.0,2412.698412698413,443.43493627134086,2705.782967032967,427.65994082752115,516.666666666667,766.666666666667,54.2,-0.9124999999999999,5.686572181374252e-05,-1.781410365331062e-05,1.0,6.123233995736766e-17
vadodara,Leafy Vegetable,2022,5,4883.333333333333,6,0.2,0.0064516129032258,3.363435569856184e-05,2022-05-01,2873.076923076923,3300.0,2783.333333333333,1921.428571428572,3029.1666666666665,5014.285714285715,2668.2539682539687,696.4533301798946,2766.3385225885227,488.313397850754,1583.333333333333,2961.904761904761,28.1,-7.928571428571428,4.364232457619083e-05,-2.679489149647968e-05,0.49999999999999994,-0.8660254037844387
vadodara,Leafy Vegetable,2022,6,2978.5714285714284,14,67.1,2.2366666666666664,2.8297622787963507e-05,2022-06-01,3341.25,4883.333333333333,3300.0,2783.333333333333,3030.769230769231,4990.0,3655.555555555556,1094.2188148696796,3075.3663003663,1003.1798705490471,-1904.7619047619046,195.2380952380954,4.5,-34.230000000000004,3.363435569856184e-05,-2.856809902577901e-05,1.2246467991473532e-16,-1.0
vadodara,Leafy Vegetable,2022,7,3258.333333333333,12,490.9,15.83548387096774,2.972707345179956e-05,2022-07-01,2300.0,2978.5714285714284,4883.333333333333,3300.0,2533.333333333333,3143.333333333333,3720.634920634921,1019.6714082493437,3066.6666666666665,1003.8700623291948,279.7619047619046,-41.66666666666697,67.6,145.7782608695652,2.8297622787963507e-05,-1.3915251124391269e-05,-0.4999999999999997,-0.8660254037844388
vadodara,Leafy Vegetable,2022,8,2592.8571428571427,7,223.4,7.206451612903226,5.410201793959351e-05,2022-08-01,3112.5,3258.333333333333,2978.5714285714284,4883.333333333333,1921.428571428572,2621.875,3706.746031746032,1028.511030340151,3187.5,969.8930879436258,-665.4761904761904,-2290.4761904761904,558.1999999999999,-80.6590909090909,2.972707345179956e-05,2.0467662241031665e-05,-0.8660254037844384,-0.5000000000000004
vadodara,Leafy Vegetable,2022,9,2873.076923076923,13,186.5,6.216666666666667,5.988966370446812e-05,2022-09-01,4800.0,2592.8571428571427,3258.333333333333,2978.5714285714284,2783.333333333333,2953.5714285714284,2943.253968253968,334.140886865295,3299.4047619047615,822.0693670352238,280.2197802197802,-105.49450549450557,781.4,-39.55454545454543,5.410201793959351e-05,3.159204091650462e-05,-1.0,-1.8369701987210297e-16
vadodara,Leafy Vegetable,2022,10,3341.25,8,61.2,1.9741935483870967,5.896872365055933e-05,2022-10-01,5300.0,2873.076923076923,2592.8571428571427,3258.333333333333,3300.0,2936.6666666666665,2908.089133089133,334.1167926939976,3314.362026862027,811.5508128528141,468.17307692307713,82.91666666666697,900.8000000000001,34.07272727272728,5.988966370446812e-05,2.9241650198759772e-05,-0.8660254037844386,0.5000000000000001
vadodara,Leafy Vegetable,2022,11,2300.0,1,0.0,0.0,5.729792979816224e-05,2022-11-01,3300.0,3341.25,2873.076923076923,2592.8571428571427,4883.333333333333,3029.1666666666665,2935.7280219780223,378.1095572724161,3321.237026862027,811.5795353191454,-1041.25,-292.85714285714266,471.1,-10.909074380165288,5.896872365055933e-05,3.195911858568734e-06,-0.5000000000000004,0.8660254037844384
vadodara,Leafy Vegetable,2022,12,3112.5,8,1.7000000000000002,0.0548387096774193,5.597943762951554e-05,2022-12-01,3012.5,2300.0,3341.25,2873.076923076923,2978.5714285714284,3030.769230769231,2838.1089743589746,521.5049939388402,2890.681471306471,395.93393049052213,812.5,239.42307692307713,247.7,-9.48507438016529,5.729792979816224e-05,-3.910226074952583e-06,-2.4492935982947064e-16,1.0
vadodara,Leafy Vegetable,2023,1,4800.0,5,1.9,0.0612903225806451,5.1996340466675335e-05,2023-01-01,3834.375,3112.5,2300.0,3341.25,3258.333333333333,2533.333333333333,2917.9166666666674,547.2178687080011,2913.0028998779,405.53858623102144,1687.5,1458.75,62.900000000000006,-0.2625000000000002,5.597943762951554e-05,-6.972383183883997e-06,0.49999999999999994,0.8660254037844387
vadodara,Leafy Vegetable,2023,2,5300.0,1,0.0,0.0,4.86051535382644e-05,2023-02-01,3928.125,4800.0,3112.5,2300.0,2592.8571428571427,1921.428571428572,3404.1666666666674,1275.2654952335713,3169.9473443223446,879.5100894276081,500.0,3000.0,3.6,-0.24666666666666667,5.1996340466675335e-05,-8.692776259897843e-06,0.8660254037844386,0.5000000000000001
vadodara,Leafy Vegetable,2023,4,3300.0,2,4.3,0.1433333333333333,4.0363284892504817e-05,2023-04-01,4008.3333333333335,5300.0,4800.0,3112.5,2873.076923076923,2783.333333333333,4404.166666666667,1146.2120586232393,3621.1378205128203,1170.4993915015216,-2000.0,187.5,3.6,3.6352941176470583,4.86051535382644e-05,-1.5616152737010723e-05,0.8660254037844387,-0.4999999999999998
vadodara,Leafy Vegetable,2023,5,3012.5,16,5.1,0.164516129032258,3.5462328264291394e-05,2023-05-01,3906.818181818182,3300.0,5300.0,4800.0,3341.25,3300.0,4466.666666666667,1040.832999733062,3692.2916666666665,1128.1401776449038,-287.5,-1787.5,6.199999999999999,-3.0285714285714285,4.0363284892504817e-05,-1.653401220238394e-05,0.49999999999999994,-0.8660254037844387
vadodara,Leafy Vegetable,2023,6,3834.375,16,225.7,7.523333333333331,3.1120541192449586e-05,2023-06-01,3677.777777777778,3012.5,3300.0,5300.0,2300.0,4883.333333333333,3870.833333333334,1246.0144795841356,3637.5,1156.233107984721,821.875,-1465.625,9.399999999999999,124.36999999999999,3.5462328264291394e-05,-1.7484612345814812e-05,1.2246467991473532e-16,-1.0
vadodara,Leafy Vegetable,2023,7,3928.125,16,423.7,13.667741935483871,2.7831599071313286e-05,2023-07-01,3340.625,3834.375,3012.5,3300.0,3112.5,2978.5714285714284,3382.2916666666674,417.07141799495747,3893.2291666666665,953.0838447398927,93.75,628.125,235.1,78.57826086956521,3.1120541192449586e-05,-1.253168582119153e-05,-0.4999999999999997,-0.8660254037844388
vadodara,Leafy Vegetable,2023,8,4008.3333333333335,12,42.5,1.3709677419354838,4.625440223163541e-05,2023-08-01,3103.5714285714284,3928.125,3834.375,3012.5,4800.0,3258.333333333333,3591.6666666666674,503.75865894128765,4029.1666666666665,874.3740320461699,80.20833333333348,995.8333333333335,654.5,-261.5590909090909,2.7831599071313286e-05,1.0792073967344017e-05,-0.8660254037844384,-0.5000000000000004
vadodara,Leafy Vegetable,2023,9,3906.818181818182,22,319.8,10.66,6.679719672551804e-05,2023-09-01,3408.333333333333,4008.3333333333335,3928.125,3834.375,5300.0,2592.8571428571427,3923.6111111111118,87.06696749453856,3897.222222222222,790.4990475724637,-101.5151515151515,72.44318181818198,691.8999999999999,93.74545454545458,4.625440223163541e-05,3.5676655533068456e-05,-1.0,-1.8369701987210297e-16
vadodara,Leafy Vegetable,2023,10,3677.777777777778,18,0.7,0.0225806451612903,6.412873308190018e-05,2023-10-01,3850.0,3906.818181818182,4008.3333333333335,3928.125,3300.0,2873.076923076923,3947.7588383838392,53.529872071950344,3665.0252525252527,408.22976698411645,-229.04040404040416,-250.34722222222217,786.0,-26.427272727272726,6.679719672551804e-05,3.629713401058689e-05,-0.8660254037844386,0.5000000000000001
vadodara,Leafy Vegetable,2023,11,3340.625,16,31.0,1.0333333333333334,5.832087412953197e-05,2023-11-01,3800.0,3677.777777777778,3906.818181818182,4008.3333333333335,3012.5,3341.25,3864.309764309765,169.32798940651924,3727.9882154882157,367.8018208079647,-337.1527777777778,-667.7083333333335,362.99999999999994,20.090925619834714,6.412873308190018e-05,1.2066471897896562e-05,-0.5000000000000004,0.8660254037844384
vadodara,Leafy Vegetable,2023,12,3103.5714285714284,14,26.6,0.8580645161290323,6.085318898270932e-05,2023-12-01,3750.0,3340.625,3677.777777777778,3906.818181818182,3834.375,2300.0,3641.7403198653205,284.81169843237575,3782.6757154882157,243.54606760185268,-237.05357142857156,-803.2467532467535,351.49999999999994,15.414925619834712,5.832087412953197e-05,-5.944007742808723e-06,-2.4492935982947064e-16,1.0
vadodara,Leafy Vegetable,2024,1,3408.333333333333,6,0.4,0.0129032258064516,5.736360340135528e-05,2024-01-01,1999.074074074074,3103.5714285714284,3340.625,3677.777777777778,3928.125,3112.5,3373.9914021164027,288.55366998161213,3660.8751202501203,364.98518920888534,304.7619047619046,-269.4444444444448,58.29999999999994,-1.7625000000000002,6.085318898270932e-05,-6.7651296805448945e-06,0.49999999999999994,0.8660254037844387
vadodara,Leafy Vegetable,2024,2,3850.0,2,0.3,0.0103448275862068,5.013542830534275e-05,2024-02-01,3155.3030303030305,3408.333333333333,3103.5714285714284,3340.625,4008.3333333333335,4800.0,3284.176587301588,160.0305349633148,3574.2431758056755,350.25568798598374,441.66666666666697,509.375,57.99999999999994,0.053333333333333316,5.736360340135528e-05,-8.185445824189222e-06,0.8660254037844386,0.5000000000000001
vadodara,Leafy Vegetable,2024,3,3800.0,1,1.4,0.0451612903225806,4.473517841021099e-05,2024-03-01,4836.538461538462,3850.0,3408.333333333333,3103.5714285714284,3906.818181818182,5300.0,3453.9682539682544,375.3009626249739,3547.854286916787,315.2220028231802,-50.0,696.4285714285716,27.299999999999944,0.1875,5.013542830534275e-05,-1.6118010572498332e-05,1.0,6.123233995736766e-17
vadodara,Leafy Vegetable,2024,4,3750.0,16,0.0,0.0,4.048584057925665e-05,2024-04-01,5612.5,3800.0,3850.0,3408.333333333333,3677.777777777778,3300.0,3686.1111111111118,241.85816167820585,3530.051256613757,293.1365725305948,-50.0,341.66666666666697,2.099999999999943,-0.6647058823529413,4.473517841021099e-05,-1.6877762822098634e-05,0.8660254037844387,-0.4999999999999998
vadodara,Leafy Vegetable,2024,5,1999.074074074074,27,2.4000000000000004,0.0774193548387097,3.545690852767383e-05,2024-05-01,4690.0,3750.0,3800.0,3850.0,3340.625,3012.5,3800.0000000000005,49.99999999990599,3542.0882936507937,301.7715141868434,-1750.925925925926,-1850.925925925926,1.6999999999999431,-5.728571428571428,4.048584057925665e-05,-1.4678519777668922e-05,0.49999999999999994,-0.8660254037844387
vadodara,Leafy Vegetable,2024,6,3155.3030303030305,33,149.5,4.983333333333333,3.124181101009331e-05,2024-06-01,3900.0,1999.074074074074,3750.0,3800.0,3103.5714285714284,3834.375,3183.0246913580254,1025.6360456444957,3318.4964726631392,706.4949883084768,1156.2289562289566,-644.6969696969695,3.7999999999999434,48.17,3.545690852767383e-05,-1.3493367400117675e-05,1.2246467991473532e-16,-1.0
vadodara,Leafy Vegetable,2024,7,4836.538461538462,26,399.1,12.874193548387098,2.816917619670396e-05,2024-07-01,3900.0,3155.3030303030305,1999.074074074074,3750.0,3408.333333333333,3928.125,2968.1257014590356,890.3437054557992,3327.118406285073,703.6574651263504,1681.2354312354314,1086.538461538462,151.89999999999995,53.97826086956525,3.124181101009331e-05,-1.2316664382552688e-05,-0.4999999999999997,-0.8660254037844388
vadodara,Leafy Vegetable,2024,8,5612.5,16,647.5,20.887096774193548,4.20389987507559e-05,2024-08-01,2958.333333333333,4836.538461538462,3155.3030303030305,1999.074074074074,3850.0,4008.3333333333335,3330.3051886385224,1426.8042451922813,3565.152594319261,938.8781105050141,775.9615384615381,3613.425925925926,551.0,343.4409090909091,2.816917619670396e-05,6.58209022308207e-06,-0.8660254037844384,-0.5000000000000004
vadodara,Leafy Vegetable,2024,9,4690.0,10,388.4,12.946666666666664,5.906328929836226e-05,2024-09-01,1445.0,5612.5,4836.538461538462,3155.3030303030305,3800.0,3906.818181818182,4534.780497280498,1256.08424825599,3858.902594319261,1264.9284178918533,-922.5,1534.6969696969695,1196.1,162.34545454545454,4.20389987507559e-05,2.7821478288268945e-05,-1.0,-1.8369701987210297e-16
vadodara,Leafy Vegetable,2024,10,3900.0,18,95.6,3.083870967741935,6.149573349273367e-05,2024-10-01,3106.25,4690.0,5612.5,4836.538461538462,3750.0,3677.777777777778,5046.346153846155,495.7479332418827,4007.2359276525945,1308.0868646536426,-790.0,-936.5384615384619,1435.0,68.47272727272727,5.906328929836226e-05,3.3326557296029703e-05,-0.8660254037844386,0.5000000000000001
vadodara,Leafy Vegetable,2024,11,3900.0,9,0.0,0.0,5.454965287582832e-05,2024-11-01,4604.166666666667,3900.0,4690.0,5612.5,1999.074074074074,3340.625,4734.166666666667,857.103892963579,4032.2359276525945,1303.6130905373116,0.0,-1712.5,1131.5,-10.909074380165288,6.149573349273367e-05,1.251065412507242e-05,-0.5000000000000004,0.8660254037844384
vadodara,Leafy Vegetable,2024,12,2958.333333333333,3,2.0,0.064516129032258,5.37092071122928e-05,2024-12-01,2750.0,3900.0,3900.0,4690.0,3155.3030303030305,3103.5714285714284,4163.333333333333,456.1067126597924,4349.0569153069155,869.312537296794,-941.666666666667,-1731.666666666667,484.0,-9.18507438016529,5.454965287582832e-05,-5.354082186069456e-06,-2.4492935982947064e-16,1.0
vadodara,Leafy Vegetable,2025,5,1445.0,10,63.8,2.0580645161290323,3.17484415385229e-05,2025-05-01,4275.0,2958.333333333333,3900.0,3900.0,4836.538461538462,3408.333333333333,3586.1111111111113,543.6715034868873,4316.228632478632,925.3236195063639,-1513.333333333333,-2455.0,97.6,55.67142857142857,5.37092071122928e-05,-2.9747291954210765e-05,0.49999999999999994,-0.8660254037844387
vadodara,Leafy Vegetable,2025,6,3106.25,24,213.7,7.123333333333334,2.966099337439848e-05,2025-06-01,3872.222222222222,1445.0,2958.333333333333,3900.0,5612.5,3850.0,2767.777777777778,1238.543424678684,3750.972222222222,1437.8638106451428,1661.25,-793.75,65.8,112.36999999999999,3.17484415385229e-05,-2.488865950142984e-05,1.2246467991473532e-16,-1.0
vadodara,Leafy Vegetable,2025,7,4604.166666666667,24,255.3,8.235483870967743,3.012795883689191e-05,2025-07-01,3700.0,3106.25,1445.0,2958.333333333333,4690.0,3800.0,2503.194444444445,919.4027663430468,3333.2638888888887,1117.207344747346,1497.916666666667,1645.833333333334,279.5,-89.82173913043476,2.966099337439848e-05,-2.358124827540089e-05,-0.4999999999999997,-0.8660254037844388
gandhinagar,Leafy Vegetable,2025,7,2750.0,3,226.3,7.3,4.5497216643561816e-05,2025-07-01,3900.0,4604.166666666667,3106.25,1445.0,3900.0,3750.0,3051.805555555556,1580.2868901223542,3318.9583333333335,1096.7218751934263,-1854.166666666667,1305.0,532.8,-118.82173913043476,3.012795883689191e-05,1.3748775105038914e-05,-0.4999999999999997,-0.8660254037844388
vadodara,Leafy Vegetable,2025,8,4275.0,16,309.4,9.980645161290322,4.804530221415361e-05,2025-08-01,3900.0,2750.0,4604.166666666667,3106.25,3900.0,1999.074074074074,3486.805555555556,983.9209343705327,3127.2916666666665,1075.1448142123857,1525.0,1168.75,695.3,5.340909090909065,4.5497216643561816e-05,1.838430883975513e-05,-0.8660254037844384,-0.5000000000000004
