district,commodity,year,month,monthly_mean_price,days_traded,monthly_rain_sum,monthly_rain_mean,monthly_ndvi_mean
dahod,Dry Chillies,2001,12,3225.0,1,5.21,0.16806451612903225,4.855009550870026e-05
dahod,Dry Chillies,2002,1,3162.5,4,2.9473684210526314,0.09516129032258062,4.689898711234011e-05
dahod,Dry Chillies,2002,2,2833.333333333333,3,1.7789473684210524,0.06345605392792324,3.983058375380944e-05
dahod,Dry Chillies,2002,3,3062.5,2,1.7,0.05483870967741934,3.062475277118353e-05
dahod,Dry Chillies,2002,4,3100.0,3,1.2166666666666668,0.04055555555555554,2.8385597224715466e-05
dahod,Dry Chillies,2002,5,3087.5,4,5.34,0.172258064516129,2.6892757746786906e-05
dahod,Dry Chillies,2002,6,3316.6666666666665,6,121.19444444444444,4.0398148148148145,2.7241629894312422e-05
dahod,Dry Chillies,2002,7,3250.0,2,389.71176470588233,12.571347248576851,3.183900534412698e-05
dahod,Dry Chillies,2002,8,3187.5,2,356.15882352941173,11.488994307400379,5.276598949984684e-05
dahod,Dry Chillies,2002,9,3350.0,1,231.54375,7.718125000000001,6.700336212411637e-05
dahod,Dry Chillies,2002,10,3250.0,4,27.094444444444445,0.8740143369175627,5.4615065841186986e-05
dahod,Dry Chillies,2002,11,3762.5,2,10.157894736842104,0.3385964912280701,4.897091363062878e-05
dahod,Dry Chillies,2002,12,3958.3333333333335,3,5.21,0.16806451612903225,4.855009550870026e-05
dahod,Dry Chillies,2003,1,4000.0,3,1.3,0.0419354838709677,4.689898711234011e-05
dahod,Dry Chillies,2003,2,3837.5,4,18.5,0.6607142857142857,3.983058375380944e-05
dahod,Dry Chillies,2003,3,4091.6666666666665,3,0.0,0.0,3.062475277118353e-05
dahod,Dry Chillies,2003,4,4225.0,1,0.0,0.0,2.8385597224715466e-05
dahod,Dry Chillies,2003,5,4000.0,2,0.0,0.0,2.6892757746786906e-05
dahod,Dry Chillies,2003,6,4041.6666666666665,3,181.1,6.036666666666666,2.7241629894312422e-05
dahod,Dry Chillies,2003,7,4508.333333333333,3,410.9,13.25483870967742,3.183900534412698e-05
dahod,Dry Chillies,2003,8,4437.5,4,314.3,10.138709677419357,5.276598949984684e-05
dahod,Dry Chillies,2003,9,4015.0,5,92.4,3.08,6.700336212411637e-05
dahod,Dry Chillies,2003,11,4125.0,2,0.0,0.0,4.897091363062878e-05
dahod,Dry Chillies,2003,12,4250.0,1,0.0,0.0,4.855009550870026e-05
dahod,Dry Chillies,2004,4,3500.0,1,0.0,0.0,2.8385597224715466e-05
dahod,Dry Chillies,2004,5,3083.333333333333,3,12.3,0.3967741935483871,2.6892757746786906e-05
dahod,Dry Chillies,2004,6,3280.0,5,120.9,4.03,2.7241629894312422e-05
dahod,Dry Chillies,2004,7,3050.0,1,348.4,11.238709677419354,3.183900534412698e-05
dahod,Dry Chillies,2004,9,3283.333333333333,3,59.0,1.9666666666666663,6.700336212411637e-05
dahod,Dry Chillies,2004,10,3375.0,1,44.7,1.4419354838709677,5.4615065841186986e-05
dahod,Dry Chillies,2004,11,3250.0,4,0.8,0.0266666666666666,4.897091363062878e-05
dahod,Dry Chillies,2004,12,3500.0,2,0.1,0.0032258064516129,4.855009550870026e-05
dahod,Dry Chillies,2005,1,2812.5,4,2.5,0.0806451612903225,3.9616619637754e-05
dahod,Dry Chillies,2005,2,2916.6666666666665,3,0.0,0.0,3.5108147371384346e-05
dahod,Dry Chillies,2005,3,3087.5,4,0.0,0.0,2.81041941270436e-05
dahod,Dry Chillies,2005,4,3108.333333333333,3,0.0,0.0,2.57611439139299e-05
dahod,Dry Chillies,2005,5,2600.0,1,2.1,0.0677419354838709,2.5631074431968783e-05
dahod,Dry Chillies,2005,6,2750.0,2,105.6,3.5200000000000005,2.014452864921297e-05
dahod,Dry Chillies,2005,7,2918.75,4,312.9,10.093548387096773,3.923572616780615e-05
dahod,Dry Chillies,2005,8,2500.0,1,201.2,6.490322580645162,5.797658299968928e-05
dahod,Dry Chillies,2005,10,2650.0,1,0.6,0.0193548387096774,5.194600451368487e-05
dahod,Dry Chillies,2006,5,4750.0,1,3.0,0.0967741935483871,2.466957233138092e-05
dahod,Dry Chillies,2006,12,7125.0,2,0.0,0.0,4.468702853569159e-05
dahod,Dry Chillies,2007,3,4500.0,2,0.2,0.0064516129032258,2.858257513647511e-05
dahod,Dry Chillies,2007,5,5625.0,1,1.6,0.0516129032258064,2.6836893716719146e-05
dahod,Dry Chillies,2007,6,5400.0,3,106.8,3.56,2.412700732764617e-05
dahod,Dry Chillies,2007,8,5937.5,2,375.1,12.1,5.768963822651873e-05
dahod,Dry Chillies,2007,9,5750.0,2,299.7,9.99,6.751696532286671e-05
dahod,Dry Chillies,2007,10,5637.5,2,0.0,0.0,5.262506783790407e-05
dahod,Dry Chillies,2007,12,6750.0,1,0.0,0.0,4.484265212247661e-05
dahod,Dry Chillies,2008,1,6083.333333333333,6,0.1,0.0032258064516129,4.275294605787022e-05
dahod,Dry Chillies,2008,2,5000.0,1,0.5,0.0172413793103448,3.672553168832447e-05
dahod,Dry Chillies,2008,3,5250.0,2,0.6,0.0193548387096774,2.9466225112628647e-05
dahod,Dry Chillies,2008,5,5500.0,2,0.2,0.0064516129032258,2.640676630433868e-05
dahod,Dry Chillies,2008,6,6000.0,3,135.8,4.526666666666667,2.3721030704935395e-05
dahod,Dry Chillies,2008,7,6750.0,1,190.4,6.141935483870968,3.156243699047845e-05
dahod,Dry Chillies,2008,10,7375.0,1,17.2,0.5548387096774193,4.661101336456257e-05
dahod,Dry Chillies,2008,11,6312.5,4,8.799999999999999,0.2933333333333333,4.451559824969999e-05
dahod,Dry Chillies,2008,12,6500.0,1,3.0,0.0967741935483871,4.3737494044200296e-05
dahod,Dry Chillies,2009,1,7000.0,4,0.1,0.0032258064516129,4.06693275399387e-05
dahod,Dry Chillies,2009,2,5500.0,2,0.0,0.0,3.2542902937863247e-05
dahod,Dry Chillies,2009,3,6200.0,5,1.8,0.0580645161290322,2.713514452712712e-05
dahod,Dry Chillies,2009,4,6750.0,1,0.7,0.0233333333333333,2.59568868367084e-05
dahod,Dry Chillies,2009,5,6500.0,3,0.0,0.0,2.463154923521652e-05
dahod,Dry Chillies,2009,6,6500.0,1,10.8,0.36,2.67184354991466e-05
dahod,Dry Chillies,2009,7,6750.0,3,405.4,13.077419354838709,3.495314152626566e-05
dahod,Dry Chillies,2009,8,7000.0,1,129.1,4.164516129032258,6.354133368569017e-05
dahod,Dry Chillies,2009,10,7000.0,2,25.2,0.8129032258064516,4.919324977131915e-05
dahod,Dry Chillies,2009,11,6375.0,4,42.9,1.43,4.4907895449051526e-05
dahod,Dry Chillies,2009,12,6812.5,4,2.3,0.0741935483870967,4.470269784177266e-05
dahod,Dry Chillies,2010,1,7000.0,5,0.2,0.0064516129032258,4.174292873656e-05
dahod,Dry Chillies,2010,2,7000.0,7,1.2,0.0428571428571428,3.2838305173093094e-05
dahod,Dry Chillies,2010,3,5703.125,8,1.6,0.0516129032258064,2.691418997572456e-05
dahod,Dry Chillies,2010,4,6166.666666666667,3,0.0,0.0,2.5193526634614617e-05
dahod,Dry Chillies,2010,5,6500.0,3,1.2000000000000002,0.0387096774193548,2.365879913098545e-05
dahod,Dry Chillies,2010,7,6583.333333333333,3,306.5,9.887096774193548,4.044463141748633e-05
dahod,Dry Chillies,2010,8,6875.0,1,325.0,10.483870967741936,4.247451560070082e-05
dahod,Dry Chillies,2010,11,7100.0,5,47.8,1.5933333333333335,4.867357659335861e-05
dahod,Dry Chillies,2010,12,7000.0,5,0.0,0.0,4.785066124675208e-05
dahod,Dry Chillies,2011,1,7260.714285714285,7,0.0,0.0,4.432611598738436e-05
dahod,Dry Chillies,2011,2,7520.0,5,0.0,0.0,3.780892649336218e-05
dahod,Dry Chillies,2011,3,10050.0,5,0.0,0.0,2.921160664770396e-05
dahod,Dry Chillies,2011,4,10500.0,2,0.3,0.01,2.689113736565216e-05
dahod,Dry Chillies,2011,5,9500.0,2,1.9,0.0612903225806451,2.667877827758412e-05
dahod,Dry Chillies,2011,6,10000.0,1,64.4,2.146666666666667,2.2175111903264707e-05
dahod,Dry Chillies,2011,7,10750.0,3,501.2,16.16774193548387,2.659408396478785e-05
dahod,Dry Chillies,2011,8,9750.0,2,501.4,16.174193548387095,4.935207334465834e-05
dahod,Dry Chillies,2011,9,10625.0,2,127.4,4.246666666666667,6.458897256246078e-05
dahod,Dry Chillies,2011,10,9500.0,4,0.0,0.0,5.172699148287587e-05
dahod,Dry Chillies,2011,11,9727.272727272728,11,0.0,0.0,4.585597523605195e-05
dahod,Dry Chillies,2011,12,10350.0,5,0.0,0.0,4.473687243857458e-05
dahod,Dry Chillies,2012,1,8583.333333333334,6,0.0,0.0,4.375042782313533e-05
dahod,Dry Chillies,2012,2,7333.333333333333,6,0.0,0.0,3.864273623056643e-05
dahod,Dry Chillies,2012,3,7568.75,4,0.0,0.0,2.8937635477369715e-05
dahod,Dry Chillies,2012,4,6500.0,2,0.0,0.0,2.7178103384992844e-05
dahod,Dry Chillies,2012,5,7000.0,2,3.3000000000000003,0.1064516129032258,2.6581063107257303e-05
dahod,Dry Chillies,2012,7,8200.0,1,284.7,9.183870967741935,3.497886897836035e-05
dahod,Dry Chillies,2012,8,8375.0,2,487.6,15.729032258064516,5.1035261252658e-05
dahod,Dry Chillies,2012,9,8083.333333333333,3,512.9,17.096666666666668,6.902393792086332e-05
dahod,Dry Chillies,2012,10,8000.0,4,13.5,0.4354838709677419,5.184303711472253e-05
dahod,Dry Chillies,2012,11,8062.5,4,0.0,0.0,4.629937826016122e-05
dahod,Dry Chillies,2012,12,9437.5,8,0.0,0.0,4.648151789374823e-05
dahod,Dry Chillies,2013,1,8875.0,10,0.0,0.0,4.511563823588001e-05
dahod,Dry Chillies,2013,2,8828.125,8,2.8,0.0999999999999999,3.927646742990742e-05
dahod,Dry Chillies,2013,3,8031.25,8,1.4,0.0451612903225806,3.047366466118225e-05
dahod,Dry Chillies,2013,4,8675.0,8,5.6000000000000005,0.1866666666666666,2.8213082139682204e-05
dahod,Dry Chillies,2013,5,8958.333333333334,3,0.0,0.0,2.749547674239156e-05
dahod,Dry Chillies,2013,6,8250.0,1,151.0,5.033333333333333,2.1469228999522176e-05
dahod,Dry Chillies,2013,7,9750.0,4,527.6,17.019354838709678,1.692723868389036e-05
dahod,Dry Chillies,2013,8,9875.0,4,251.4,8.109677419354838,6.024852191623584e-05
dahod,Dry Chillies,2013,9,9562.5,4,203.2,6.7733333333333325,6.744095927644928e-05
dahod,Dry Chillies,2013,10,9750.0,4,56.1,1.8096774193548388,6.091200133169663e-05
dahod,Dry Chillies,2013,11,9700.0,5,0.0,0.0,5.201734922131763e-05
dahod,Dry Chillies,2013,12,10642.857142857143,7,0.0,0.0,4.9394392143630287e-05
dahod,Dry Chillies,2014,1,11312.5,4,24.4,0.7870967741935483,5.0147031886804455e-05
dahod,Dry Chillies,2014,2,11625.0,4,7.5,0.2678571428571428,4.699860610688233e-05
dahod,Dry Chillies,2014,3,10500.0,6,4.7,0.1516129032258064,3.408869812359436e-05
dahod,Dry Chillies,2014,4,10666.666666666666,3,0.2,0.0066666666666666,3.0123633254249124e-05
dahod,Dry Chillies,2015,1,10625.0,6,2.0,0.064516129032258,4.639754587593325e-05
dahod,Dry Chillies,2015,2,10583.333333333334,3,1.0,0.0357142857142857,4.096897436314396e-05
dahod,Dry Chillies,2015,3,9250.0,4,9.4,0.3032258064516129,3.241457063742519e-05
dahod,Dry Chillies,2015,4,12208.333333333334,3,7.9,0.2633333333333333,2.844660006604064e-05
dahod,Dry Chillies,2015,5,10000.0,2,0.2,0.0064516129032258,2.6186432174363085e-05
dahod,Dry Chillies,2015,6,10916.666666666666,6,163.6,5.453333333333333,3.145361836135984e-05
dahod,Dry Chillies,2015,7,11750.0,1,343.8,11.09032258064516,3.187477625842634e-05
dahod,Dry Chillies,2015,8,10833.333333333334,3,89.8,2.896774193548387,6.302105183042165e-05
dahod,Dry Chillies,2015,9,11250.0,4,73.8,2.46,6.0384896613778486e-05
dahod,Dry Chillies,2015,10,11916.666666666666,3,0.7000000000000001,0.0225806451612903,4.8162568824485165e-05
dahod,Dry Chillies,2015,11,12200.0,5,0.4,0.0133333333333333,4.424194261613453e-05
dahod,Dry Chillies,2015,12,12464.285714285714,7,0.0,0.0,4.0429194291306014e-05
dahod,Dry Chillies,2016,3,14187.5,4,0.1,0.0032258064516129,2.845132060744004e-05
dahod,Dry Chillies,2016,4,14500.0,3,0.0,0.0,2.616175209528934e-05
dahod,Dry Chillies,2016,5,11225.0,4,4.7,0.1516129032258064,2.458456405265404e-05
dahod,Dry Chillies,2016,6,14000.0,2,77.0,2.566666666666667,2.460812950157117e-05
dahod,Dry Chillies,2016,7,13000.0,5,287.5,9.274193548387096,2.556596648274924e-05
dahod,Dry Chillies,2016,8,14222.222222222224,9,301.7,9.73225806451613,5.156665349211288e-05
dahod,Dry Chillies,2016,9,14156.25,8,74.3,2.4766666666666666,7.073868698553099e-05
dahod,Dry Chillies,2016,10,13500.0,4,71.8,2.3161290322580643,5.7713876629400047e-05
dahod,Dry Chillies,2016,11,12000.0,3,0.0,0.0,5.111793600173461e-05
dahod,Dry Chillies,2016,12,13642.857142857143,7,0.0,0.0,5.066428067545074e-05
dahod,Dry Chillies,2017,1,13125.0,4,0.3999999999999999,0.0129032258064516,4.714661266250754e-05
dahod,Dry Chillies,2017,2,13000.0,7,0.0,0.0,4.061750810519805e-05
dahod,Dry Chillies,2017,3,11400.0,5,0.0,0.0,3.060484350884925e-05
dahod,Dry Chillies,2017,4,10250.0,2,0.0,0.0,2.896243950657528e-05
dahod,Dry Chillies,2017,9,9250.0,1,158.79999999999998,5.293333333333333,6.547249232502352e-05
dahod,Dry Chillies,2017,10,9000.0,2,7.6,0.2451612903225806,5.001942173609643e-05
dahod,Dry Chillies,2017,11,9000.0,1,0.0,0.0,4.8022458721307625e-05
dahod,Dry Chillies,2018,2,10000.0,1,0.7,0.0249999999999999,3.825984143824924e-05
dahod,Dry Chillies,2018,5,9500.0,1,1.4,0.0451612903225806,2.6208685465936613e-05
dahod,Dry Chillies,2018,6,11093.75,8,71.7,2.39,2.5043568311519983e-05
dahod,Dry Chillies,2018,7,10593.75,8,598.8,19.316129032258065,2.224989645224807e-05
dahod,Dry Chillies,2018,8,10950.0,5,400.1,12.906451612903224,4.020434155729861e-05
dahod,Dry Chillies,2018,9,11607.142857142857,7,170.6,5.6866666666666665,6.996243787663621e-05
dahod,Dry Chillies,2018,10,11500.0,1,0.7999999999999999,0.0258064516129032,5.3251540610626695e-05
dahod,Dry Chillies,2018,11,11875.0,4,0.0,0.0,4.881245546414909e-05
dahod,Dry Chillies,2018,12,11875.0,4,0.0,0.0,4.78822503222136e-05
dahod,Dry Chillies,2019,1,12000.0,7,0.0,0.0,4.640144639013156e-05
dahod,Dry Chillies,2019,2,11100.0,5,0.5,0.0178571428571428,3.950782281824811e-05
dahod,Dry Chillies,2019,3,10712.5,8,0.5,0.0161290322580645,3.097584372035008e-05
dahod,Dry Chillies,2019,4,10625.0,6,1.2,0.04,2.833697654184348e-05
dahod,Dry Chillies,2019,5,11916.666666666666,6,0.0,0.0,2.715919997601346e-05
dahod,Dry Chillies,2019,6,11800.0,5,123.6,4.12,2.8343884783652543e-05
dahod,Dry Chillies,2019,7,12350.0,5,377.6,12.180645161290323,3.795419424973235e-05
dahod,Dry Chillies,2019,8,13000.0,3,839.4,27.07741935483871,4.0359694074908974e-05
dahod,Dry Chillies,2019,9,15166.666666666666,3,440.8,14.693333333333332,6.288552371884264e-05
dahod,Dry Chillies,2019,10,15687.5,4,87.3,2.8161290322580643,6.356238798389272e-05
dahod,Dry Chillies,2019,11,16300.0,5,16.0,0.5333333333333333,5.622930480873745e-05
dahod,Dry Chillies,2019,12,19392.85714285714,7,2.0,0.064516129032258,5.391695555281452e-05
dahod,Dry Chillies,2020,1,20625.0,4,0.7000000000000001,0.0225806451612903,5.304277625906977e-05
dahod,Dry Chillies,2020,2,20791.666666666668,6,0.0,0.0,4.477372327209447e-05
dahod,Dry Chillies,2020,3,17400.0,5,0.7,0.0225806451612903,3.443475522596868e-05
dahod,Dry Chillies,2020,5,17625.0,8,0.0,0.0,3.0039443939490293e-05
dahod,Dry Chillies,2020,6,17312.5,4,61.7,2.056666666666666,3.83435564722308e-05
dahod,Dry Chillies,2020,8,15000.0,1,587.5,18.951612903225808,4.996509201517786e-05
dahod,Dry Chillies,2020,9,15906.25,4,149.9,4.996666666666667,6.901599205625079e-05
dahod,Dry Chillies,2020,10,18000.0,1,13.4,0.432258064516129,5.454769720106224e-05
dahod,Dry Chillies,2020,11,18650.0,5,0.4,0.0133333333333333,5.093345503063802e-05
dahod,Dry Chillies,2020,12,20250.0,4,31.500000000000004,1.0161290322580647,5.230053106580132e-05
dahod,Dry Chillies,2021,1,20000.0,2,10.9,0.3516129032258064,5.1771275904130864e-05
dahod,Dry Chillies,2021,2,18500.0,2,0.4,0.0142857142857142,4.116198865438351e-05
dahod,Dry Chillies,2021,3,19250.0,2,0.0,0.0,3.1403939010377725e-05
dahod,Dry Chillies,2021,4,17716.666666666668,3,0.3,0.01,2.9888777913225738e-05
dahod,Dry Chillies,2021,6,16500.0,4,224.9,7.496666666666667,3.564045643294764e-05
dahod,Dry Chillies,2021,7,16833.333333333332,3,487.7,15.73225806451613,2.953528065830435e-05
dahod,Dry Chillies,2021,8,16500.0,1,163.0,5.258064516129032,5.639771247312668e-05
dahod,Dry Chillies,2021,9,16916.666666666668,3,313.7,10.456666666666669,6.378958300704487e-05
dahod,Dry Chillies,2021,10,16125.0,4,42.3,1.3645161290322585,6.523964636553254e-05
dahod,Dry Chillies,2021,11,16000.0,6,14.2,0.4733333333333333,5.321525267257462e-05
dahod,Dry Chillies,2021,12,15600.0,5,28.2,0.9096774193548388,5.372341349861315e-05
dahod,Dry Chillies,2022,1,17000.0,5,3.8,0.1225806451612903,5.2662984189123934e-05
dahod,Dry Chillies,2022,2,14312.5,6,0.0,0.0,4.422595124363167e-05
dahod,Dry Chillies,2022,3,16250.0,2,0.2,0.0064516129032258,3.134061517516628e-05
dahod,Dry Chillies,2022,4,17400.0,5,0.1,0.0033333333333333,3.016534055563037e-05
dahod,Dry Chillies,2022,5,20000.0,2,0.8,0.0258064516129032,2.800008413780448e-05
dahod,Dry Chillies,2022,6,19000.0,2,79.3,2.643333333333333,2.996260379897376e-05
dahod,Dry Chillies,2022,7,18500.0,1,353.4,11.4,3.682587649757005e-05
dahod,Dry Chillies,2022,9,23000.0,2,147.9,4.930000000000001,6.849015677486854e-05
dahod,Dry Chillies,2022,10,24166.666666666668,6,63.7,2.054838709677419,5.359900679190628e-05
dahod,Dry Chillies,2022,11,22500.0,1,0.0,0.0,5.090207519531068e-05
dahod,Dry Chillies,2022,12,23166.666666666668,3,10.3,0.332258064516129,5.194429041525962e-05
dahod,Dry Chillies,2023,1,20000.0,2,4.0,0.1290322580645161,4.9499376804097386e-05
dahod,Dry Chillies,2023,2,18875.0,4,0.0,0.0,4.266762817994285e-05
dahod,Dry Chillies,2023,3,21333.33333333333,3,12.0,0.3870967741935484,3.345252032385479e-05
dahod,Dry Chillies,2023,4,25791.666666666668,3,1.4,0.0466666666666666,3.178794288478621e-05
dahod,Dry Chillies,2023,5,24416.666666666668,3,15.1,0.4870967741935483,3.1249755845095075e-05
dahod,Dry Chillies,2023,6,22875.0,4,176.5,5.883333333333334,2.704920004548664e-05
dahod,Dry Chillies,2023,7,26000.0,2,414.9,13.383870967741936,3.4298104012168774e-05
dahod,Dry Chillies,2023,8,21666.666666666668,3,125.2,4.038709677419355,6.0860964006659096e-05
dahod,Dry Chillies,2023,9,24000.0,1,498.5,16.616666666666667,6.987908904688048e-05
dahod,Dry Chillies,2023,10,25600.0,5,0.7,0.0225806451612903,5.930633069054787e-05
dahod,Dry Chillies,2023,11,25000.0,3,58.9,1.9633333333333327,4.936403324624011e-05
dahod,Dry Chillies,2023,12,26175.0,2,21.9,0.7064516129032258,5.654450474775468e-05
dahod,Dry Chillies,2024,1,26541.666666666668,6,3.0,0.0967741935483871,5.534073980712034e-05
dahod,Dry Chillies,2024,2,20625.0,4,0.7000000000000001,0.0241379310344827,4.49948623084851e-05
dahod,Dry Chillies,2024,3,23000.0,1,0.8,0.0258064516129032,3.525320788302222e-05
dahod,Dry Chillies,2024,4,23456.25,4,4.2,0.14,3.271661527751171e-05
dahod,Dry Chillies,2024,5,21625.0,4,1.6,0.0516129032258064,3.115874282617789e-05
dahod,Dry Chillies,2024,6,22250.0,2,118.1,3.9366666666666665,2.9824087623215915e-05
dahod,Dry Chillies,2024,7,22666.666666666668,3,473.4,15.270967741935484,3.458485782163041e-05
dahod,Dry Chillies,2024,8,15062.5,2,605.4,19.529032258064515,4.679640602184571e-05
dahod,Dry Chillies,2024,9,18625.0,2,381.8,12.726666666666668,6.885737625013258e-05
dahod,Dry Chillies,2024,10,23000.0,2,42.1,1.3580645161290323,5.81962770498632e-05
dahod,Dry Chillies,2024,11,22000.0,1,0.0,0.0,4.842593132359279e-05
dahod,Dry Chillies,2024,12,20450.0,5,4.9,0.1580645161290322,5.151288681184452e-05
dahod,Dry Chillies,2025,1,20000.0,6,1.1,0.0354838709677419,4.689898711234011e-05
dahod,Dry Chillies,2025,2,17583.333333333332,6,0.0,0.0,3.983058375380944e-05
dahod,Dry Chillies,2025,3,16500.0,5,0.0,0.0,3.062475277118353e-05
dahod,Dry Chillies,2025,4,15475.0,5,0.0,0.0,2.8385597224715466e-05
dahod,Dry Chillies,2025,5,15460.714285714286,7,57.4,1.8516129032258064,2.6892757746786906e-05
dahod,Dry Chillies,2025,6,15000.0,4,208.7,6.956666666666666,2.7241629894312422e-05
dahod,Dry Chillies,2025,8,15000.0,1,357.5,11.53225806451613,5.276598949984684e-05
dahod,Dry Chillies,2025,11,15333.333333333334,3,2.8,0.0933333333333333,4.897091363062878e-05
dahod,Dry Chillies,2025,12,16666.666666666668,3,0.0,0.0,4.855009550870026e-05
dahod,Dry Chillies,2026,1,17000.0,2,1.5,0.05,4.689898711234011e-05
dahod,Dry Chillies,2026,2,18750.0,2,1.7789473684210524,0.06345605392792324,3.983058375380944e-05
devbhumidwarka,Dry Chillies,2012,10,2405.0,1,0.0,0.0,3.867499392007496e-05
jamnagar,Dry Chillies,2003,4,607.8571428571429,7,0.0,0.0,2.225163404874014e-05
jamnagar,Dry Chillies,2003,5,2267.8571428571427,7,0.0,0.0,1.7903329639660713e-05
jamnagar,Dry Chillies,2003,6,3608.928571428572,7,87.19999999999999,2.9066666666666663,1.527789932739208e-05
jamnagar,Dry Chillies,2003,7,1562.5,1,295.1,9.519354838709678,2.7685139770232216e-05
jamnagar,Dry Chillies,2004,2,3140.0,5,0.0,0.0,3.3677987514356186e-05
jamnagar,Dry Chillies,2004,3,3453.5714285714284,7,0.0,0.0,2.2888843230622377e-05
jamnagar,Dry Chillies,2004,4,3180.0,5,0.1,0.0033333333333333,2.225163404874014e-05
jamnagar,Dry Chillies,2004,5,3037.5,6,26.0,0.8387096774193549,1.7903329639660713e-05
jamnagar,Dry Chillies,2004,6,2316.6666666666665,3,143.4,4.78,1.527789932739208e-05
jamnagar,Dry Chillies,2005,6,1881.25,4,202.6,6.753333333333333,1.527789932739208e-05
jamnagar,Dry Chillies,2017,2,7387.5,2,0.0,0.0,2.9723533309970133e-05
jamnagar,Dry Chillies,2017,3,4369.0,2,0.0,0.0,2.2412964126043865e-05
jamnagar,Dry Chillies,2017,4,3887.4,5,0.0,0.0,2.0718839136488323e-05
jamnagar,Dry Chillies,2017,5,2578.25,4,2.9,0.0935483870967742,1.875630087016692e-05
jamnagar,Dry Chillies,2018,3,6471.0,3,0.0,0.0,2.272645028833324e-05
jamnagar,Dry Chillies,2018,4,5338.0,1,3.0,0.1,2.078706951639533e-05
jamnagar,Dry Chillies,2018,12,6760.2,5,0.0,0.0,2.760857485016724e-05
jamnagar,Dry Chillies,2019,1,6084.5,8,0.0,0.0,2.568087976742428e-05
jamnagar,Dry Chillies,2019,2,5315.444444444444,9,0.5,0.0178571428571428,2.3793214688206927e-05
jamnagar,Dry Chillies,2019,3,4398.166666666667,6,0.2,0.0064516129032258,1.9733487961611343e-05
jamnagar,Dry Chillies,2019,4,7109.5,4,3.3,0.11,1.8621196623899115e-05
jamnagar,Dry Chillies,2019,5,5156.5,2,0.0,0.0,1.7050358409154505e-05
jamnagar,Dry Chillies,2019,12,7250.428571428572,7,1.1,0.0354838709677419,4.051898351967064e-05
jamnagar,Dry Chillies,2020,1,11087.5,4,0.9,0.0290322580645161,4.3799635040149e-05
jamnagar,Dry Chillies,2021,1,11102.333333333334,6,0.0,0.0,4.553918668950552e-05
jamnagar,Dry Chillies,2021,2,10971.0,3,0.0,0.0,3.843577130121074e-05
jamnagar,Dry Chillies,2021,3,10765.75,4,0.0,0.0,2.549570225941084e-05
jamnagar,Dry Chillies,2021,4,11575.0,1,1.2,0.04,2.608981205575058e-05
jamnagar,Dry Chillies,2021,11,8500.0,1,6.0,0.2,4.0437299595916536e-05
jamnagar,Dry Chillies,2022,2,11000.0,1,0.1,0.0035714285714285,4.228853710094271e-05
jamnagar,Dry Chillies,2023,4,16750.0,1,8.200000000000001,0.2733333333333334,2.5041252911167364e-05
jamnagar,Dry Chillies,2023,11,15645.833333333334,6,19.6,0.6533333333333334,3.7225810285470967e-05
jamnagar,Dry Chillies,2023,12,15833.333333333334,6,0.7,0.0225806451612903,3.715755385111439e-05
jamnagar,Dry Chillies,2024,1,15750.0,6,0.0,0.0,3.981746757295276e-05
jamnagar,Dry Chillies,2024,2,17096.428571428572,7,0.0,0.0,3.414888117145043e-05
jamnagar,Dry Chillies,2024,3,15162.5,6,1.1,0.0354838709677419,2.407561151771259e-05
jamnagar,Dry Chillies,2024,12,8516.111111111111,9,0.0,0.0,3.671732207811154e-05
jamnagar,Dry Chillies,2025,2,10120.0,10,0.0,0.0,3.3677987514356186e-05
jamnagar,Dry Chillies,2025,3,8834.0,7,0.0,0.0,2.2888843230622377e-05
jamnagar,Dry Chillies,2025,4,7046.428571428572,7,0.0,0.0,2.225163404874014e-05
jamnagar,Dry Chillies,2025,5,6600.0,2,76.3,2.4612903225806453,1.7903329639660713e-05
jamnagar,Dry Chillies,2025,6,5825.0,4,211.5,7.05,1.527789932739208e-05
jamnagar,Dry Chillies,2025,11,13891.666666666666,3,9.9,0.3299999999999999,3.883155494069375e-05
jamnagar,Dry Chillies,2025,12,12439.111111111111,9,1.0,0.032258064516129,3.550060857476595e-05
jamnagar,Dry Chillies,2026,1,14907.5,8,0.0,0.0,3.870929226750789e-05
jamnagar,Dry Chillies,2026,2,21419.0,5,0.08571428571428572,0.0030612244897959,3.3677987514356186e-05
mahesana,Dry Chillies,2004,2,850.0,1,0.0,0.0,3.867499392007496e-05
rajkot,Dry Chillies,2002,5,3710.0,5,4.633333333333334,0.14946236559139786,2.109005312171197e-05
rajkot,Dry Chillies,2002,6,3396.428571428572,7,117.9470588235294,3.93156862745098,2.1313174543514862e-05
rajkot,Dry Chillies,2003,2,3955.555555555556,9,3.8,0.1357142857142857,3.574563741717325e-05
rajkot,Dry Chillies,2003,3,4500.0,9,0.0,0.0,2.6976013151105216e-05
rajkot,Dry Chillies,2003,4,4870.0,5,0.0,0.0,2.397682078757498e-05
rajkot,Dry Chillies,2003,5,4288.333333333333,9,0.0,0.0,2.109005312171197e-05
rajkot,Dry Chillies,2003,6,4041.6666666666665,6,72.6,2.42,2.1313174543514862e-05
rajkot,Dry Chillies,2004,2,4041.6666666666665,6,0.0,0.0,3.574563741717325e-05
rajkot,Dry Chillies,2004,3,4570.0,7,0.0,0.0,2.6976013151105216e-05
rajkot,Dry Chillies,2004,4,5065.0,5,0.0,0.0,2.397682078757498e-05
rajkot,Dry Chillies,2004,5,3550.0,6,25.7,0.8290322580645161,2.109005312171197e-05
rajkot,Dry Chillies,2004,6,2500.0,1,195.3,6.510000000000001,2.1313174543514862e-05
rajkot,Dry Chillies,2005,2,3326.25,4,0.0,0.0,3.044160387414592e-05
rajkot,Dry Chillies,2005,3,4911.666666666667,15,0.0,0.0,2.441325495815988e-05
rajkot,Dry Chillies,2005,4,5028.333333333333,9,0.8,0.0266666666666666,2.138029086439158e-05
rajkot,Dry Chillies,2005,5,4500.0,1,1.1,0.0354838709677419,2.062286463203717e-05
rajkot,Dry Chillies,2005,6,2733.333333333333,3,300.2,10.006666666666666,1.58462002567627e-05
rajkot,Dry Chillies,2006,2,2450.0,1,0.0,0.0,3.698781501429004e-05
rajkot,Dry Chillies,2006,3,5306.071428571428,14,4.3,0.1387096774193548,2.7844427555663e-05
rajkot,Dry Chillies,2006,4,5087.666666666667,15,0.0,0.0,2.278907416869205e-05
rajkot,Dry Chillies,2006,5,4821.25,16,0.1,0.0032258064516129,2.036457804488123e-05
rajkot,Dry Chillies,2007,1,5100.0,1,0.0,0.0,4.2049095298611786e-05
rajkot,Dry Chillies,2007,2,4850.0,5,1.6,0.0571428571428571,3.581697751379213e-05
rajkot,Dry Chillies,2007,3,6267.368421052632,19,0.7,0.0225806451612903,2.6824612172377263e-05
rajkot,Dry Chillies,2007,4,6059.6,25,0.4,0.0133333333333333,2.3885206909923595e-05
rajkot,Dry Chillies,2007,5,5545.5,10,0.0,0.0,2.120801486916974e-05
rajkot,Dry Chillies,2007,6,5100.0,1,147.2,4.906666666666666,1.9911547346682792e-05
rajkot,Dry Chillies,2007,7,7255.0,1,107.7,3.4741935483870967,3.251379306573227e-05
rajkot,Dry Chillies,2007,8,5680.0,1,587.7,18.958064516129035,5.293110418139019e-05
rajkot,Dry Chillies,2007,9,6730.0,1,228.0,7.6,6.097555679946166e-05
rajkot,Dry Chillies,2007,10,7255.0,1,1.0,0.032258064516129,5.3719131408910336e-05
rajkot,Dry Chillies,2007,11,8130.0,1,21.2,0.7066666666666667,4.512060533346262e-05
rajkot,Dry Chillies,2007,12,7680.0,1,0.0,0.0,4.184419647131236e-05
rajkot,Dry Chillies,2008,3,4428.75,4,0.7,0.0225806451612903,2.9849814051952263e-05
rajkot,Dry Chillies,2008,4,5900.555555555556,18,1.4,0.0466666666666666,2.397781749236846e-05
rajkot,Dry Chillies,2008,5,4078.4375,16,0.7999999999999999,0.0258064516129032,2.1181864139181265e-05
rajkot,Dry Chillies,2008,6,2918.333333333333,3,169.2,5.64,1.8014977118178352e-05
rajkot,Dry Chillies,2009,2,2201.5,2,0.0,0.0,3.415335337813939e-05
rajkot,Dry Chillies,2009,3,5335.714285714285,14,0.0,0.0,2.6022374054252544e-05
rajkot,Dry Chillies,2009,4,5564.809523809524,21,0.0,0.0,2.3638440152131447e-05
rajkot,Dry Chillies,2009,5,5475.076923076923,13,0.1,0.0032258064516129,1.9934773664138863e-05
rajkot,Dry Chillies,2009,12,1130.0,1,0.0,0.0,3.867427728744304e-05
rajkot,Dry Chillies,2010,2,7058.333333333333,12,0.1,0.0035714285714285,3.048093815810332e-05
rajkot,Dry Chillies,2010,3,7527.678571428572,28,0.0,0.0,2.3876970198356187e-05
rajkot,Dry Chillies,2010,4,6025.8,25,0.0,0.0,2.152946259047548e-05
rajkot,Dry Chillies,2010,5,5330.384615384615,13,0.0,0.0,1.9673907661267225e-05
rajkot,Dry Chillies,2010,6,2800.0,3,22.7,0.7566666666666666,2.181205434607089e-05
rajkot,Dry Chillies,2010,11,10000.0,1,65.3,2.1766666666666667,4.934970750227605e-05
rajkot,Dry Chillies,2011,3,10045.0,4,0.0,0.0,3.306762135498991e-05
rajkot,Dry Chillies,2011,4,11100.625,8,0.1,0.0033333333333333,2.552313913217661e-05
rajkot,Dry Chillies,2011,5,8642.5,14,0.0,0.0,2.238683003296988e-05
rajkot,Dry Chillies,2011,6,7094.444444444444,9,11.7,0.3899999999999999,1.6318582949160666e-05
rajkot,Dry Chillies,2012,2,8888.333333333334,3,0.0,0.0,3.463724665478136e-05
rajkot,Dry Chillies,2012,3,9569.285714285714,7,0.0,0.0,2.779124954538782e-05
rajkot,Dry Chillies,2012,4,6569.583333333333,12,0.3,0.01,2.6238885901241043e-05
rajkot,Dry Chillies,2012,5,4429.0,5,1.8,0.0580645161290322,2.154256113443383e-05
rajkot,Dry Chillies,2012,6,4302.5,2,29.2,0.9733333333333332,2.1448136237352656e-05
rajkot,Dry Chillies,2013,2,11880.0,6,0.0,0.0,2.6743595899359657e-05
rajkot,Dry Chillies,2013,3,10853.846153846154,13,0.0,0.0,2.281270126433851e-05
rajkot,Dry Chillies,2013,4,12923.125,8,2.8,0.0933333333333333,2.1716556671618635e-05
rajkot,Dry Chillies,2013,5,11455.0,7,0.3,0.0096774193548387,1.9994651654913785e-05
rajkot,Dry Chillies,2013,6,5000.0,1,104.4,3.4799999999999995,2.193030215208224e-05
rajkot,Dry Chillies,2014,2,9430.0,6,0.0,0.0,4.133297316213424e-05
rajkot,Dry Chillies,2014,4,10565.0,4,0.4,0.0133333333333333,2.64622095309078e-05
rajkot,Dry Chillies,2014,5,6105.0,7,2.4,0.0774193548387096,2.3311192998486185e-05
rajkot,Dry Chillies,2014,6,6055.0,1,6.7,0.2233333333333333,2.049926949551772e-05
rajkot,Dry Chillies,2015,3,12605.0,5,7.300000000000001,0.2354838709677419,2.5589925147212133e-05
rajkot,Dry Chillies,2015,4,14055.0,6,0.0,0.0,2.241529405050692e-05
rajkot,Dry Chillies,2015,5,13096.666666666666,6,0.1,0.0032258064516129,1.9839628987366712e-05
rajkot,Dry Chillies,2016,2,13205.0,2,0.0,0.0,3.1083500244778164e-05
rajkot,Dry Chillies,2016,3,12447.857142857143,7,0.4,0.0129032258064516,2.4977372847371018e-05
rajkot,Dry Chillies,2016,4,13667.5,8,0.0,0.0,2.226993073828653e-05
rajkot,Dry Chillies,2016,5,13795.0,5,0.4,0.0129032258064516,1.9756446486876976e-05
rajkot,Dry Chillies,2016,12,8290.714285714286,7,0.0,0.0,4.301842040335592e-05
rajkot,Dry Chillies,2017,1,8832.857142857143,7,0.0,0.0,3.99966098272828e-05
rajkot,Dry Chillies,2017,2,8017.5,8,0.0,0.0,3.371409783362518e-05
rajkot,Dry Chillies,2017,3,8730.0,8,0.0,0.0,2.4580562189188382e-05
rajkot,Dry Chillies,2017,4,4819.285714285715,7,4.2,0.14,2.2741472324178563e-05
rajkot,Dry Chillies,2017,6,2305.0,2,128.2,4.2733333333333325,2.417668383808903e-05
rajkot,Dry Chillies,2017,12,9505.0,3,3.6,0.1161290322580645,4.483209546201784e-05
rajkot,Dry Chillies,2018,1,8915.714285714286,7,0.0,0.0,4.237617152027933e-05
rajkot,Dry Chillies,2018,2,9147.857142857143,7,1.2,0.0428571428571428,3.4542800082025584e-05
rajkot,Dry Chillies,2018,3,9380.0,7,0.0,0.0,2.6296540174868526e-05
rajkot,Dry Chillies,2018,4,11505.0,8,0.1,0.0033333333333333,2.3294533443077072e-05
rajkot,Dry Chillies,2018,5,10255.0,8,0.1,0.0032258064516129,1.8678333459726784e-05
rajkot,Dry Chillies,2018,12,7043.333333333333,12,0.0,0.0,3.304415780274123e-05
rajkot,Dry Chillies,2019,1,6581.578947368421,19,0.0,0.0,3.126577198005523e-05
rajkot,Dry Chillies,2019,2,7127.368421052632,19,0.2,0.0071428571428571,2.9625963319673805e-05
rajkot,Dry Chillies,2019,3,8714.166666666666,18,0.2,0.0064516129032258,2.351075315646281e-05
rajkot,Dry Chillies,2019,4,8935.263157894737,19,0.1,0.0033333333333333,2.1492770705935984e-05
rajkot,Dry Chillies,2019,5,8058.75,20,0.0,0.0,1.9946754065942204e-05
rajkot,Dry Chillies,2019,12,10680.0,10,0.1,0.0032258064516129,5.079674371183486e-05
rajkot,Dry Chillies,2020,1,10828.846153846154,13,3.0,0.0967741935483871,4.996395216749699e-05
rajkot,Dry Chillies,2020,2,9415.384615384615,13,0.1,0.0034482758620689,4.443160340216418e-05
rajkot,Dry Chillies,2020,3,10637.083333333334,12,0.4,0.0129032258064516,3.27156942705861e-05
rajkot,Dry Chillies,2020,5,10657.5,8,0.2,0.0064516129032258,2.323996068402056e-05
rajkot,Dry Chillies,2020,6,12472.5,8,171.8,5.726666666666668,2.6218287347271464e-05
rajkot,Dry Chillies,2020,12,9376.25,4,0.3999999999999999,0.0129032258064516,4.676790501204922e-05
rajkot,Dry Chillies,2021,1,12827.5,18,0.0,0.0,4.758547741115152e-05
rajkot,Dry Chillies,2021,2,13092.0,15,0.0,0.0,4.1842653315990496e-05
rajkot,Dry Chillies,2021,3,11900.0,9,0.0,0.0,2.8550860831405527e-05
rajkot,Dry Chillies,2021,4,10950.0,5,1.0,0.0333333333333333,2.7057253808259025e-05
rajkot,Dry Chillies,2021,6,4232.5,10,58.6,1.9533333333333327,2.6046967175692166e-05
rajkot,Dry Chillies,2021,11,5250.0,1,8.7,0.29,4.646265625161839e-05
rajkot,Dry Chillies,2021,12,9500.0,5,1.6,0.0516129032258064,4.4901823481441066e-05
rajkot,Dry Chillies,2022,1,12746.42857142857,7,7.0,0.2258064516129032,5.111855744994379e-05
rajkot,Dry Chillies,2022,2,13389.444444444443,9,0.0,0.0,4.295503072450404e-05
rajkot,Dry Chillies,2022,3,12821.42857142857,7,0.0,0.0,2.806456925896161e-05
rajkot,Dry Chillies,2022,4,12500.0,8,0.8,0.0266666666666666,2.6768892296830355e-05
rajkot,Dry Chillies,2022,5,11527.777777777776,9,0.9,0.0290322580645161,2.1685045822824647e-05
rajkot,Dry Chillies,2022,6,12363.125,8,56.0,1.8666666666666667,2.0998725990853908e-05
rajkot,Dry Chillies,2022,11,21468.75,8,0.0,0.0,4.324757275791761e-05
rajkot,Dry Chillies,2022,12,19821.42857142857,7,2.5,0.0806451612903225,4.5940537026639694e-05
rajkot,Dry Chillies,2023,1,19987.5,10,3.8,0.1225806451612903,4.6264850615347645e-05
rajkot,Dry Chillies,2023,2,14793.75,8,0.0,0.0,3.936365643094557e-05
rajkot,Dry Chillies,2023,3,20000.0,7,5.9,0.1903225806451612,2.916544699715056e-05
rajkot,Dry Chillies,2023,4,21537.85714285714,14,2.4000000000000004,0.08,2.673623789268072e-05
rajkot,Dry Chillies,2023,5,15001.923076923076,13,6.3,0.2032258064516129,2.36225868573852e-05
rajkot,Dry Chillies,2023,6,14829.615384615385,13,160.39999999999998,5.346666666666666,2.437932327139756e-05
rajkot,Dry Chillies,2023,11,16898.333333333332,12,44.4,1.48,4.364796851300293e-05
rajkot,Dry Chillies,2023,12,17502.14285714286,14,4.6,0.1483870967741935,4.379216077422136e-05
rajkot,Dry Chillies,2024,1,14766.388888888889,18,0.0,0.0,4.5492432217975925e-05
rajkot,Dry Chillies,2024,2,14067.8125,16,0.1,0.0034482758620689,3.952202708349219e-05
rajkot,Dry Chillies,2024,3,12105.277777777776,18,0.9,0.0290322580645161,2.6589499842315083e-05
rajkot,Dry Chillies,2024,4,10999.722222222224,18,0.9,0.03,2.5642126290242752e-05
rajkot,Dry Chillies,2024,5,10635.333333333334,15,6.6,0.2129032258064516,2.263096099519322e-05
rajkot,Dry Chillies,2024,6,9993.888888888889,18,136.8,4.5600000000000005,2.078338608409593e-05
rajkot,Dry Chillies,2024,10,15755.0,1,120.9,3.9,5.836493567162919e-05
rajkot,Dry Chillies,2024,11,13137.5,4,0.0,0.0,4.645954337498591e-05
rajkot,Dry Chillies,2024,12,10978.75,16,0.0,0.0,4.4718031781986346e-05
rajkot,Dry Chillies,2025,1,10100.0,10,0.0,0.0,4.401254649868278e-05
rajkot,Dry Chillies,2025,2,9416.666666666666,9,0.0,0.0,3.574563741717325e-05
rajkot,Dry Chillies,2025,3,7828.125,8,0.0,0.0,2.6976013151105216e-05
rajkot,Dry Chillies,2025,4,8443.75,8,0.0,0.0,2.397682078757498e-05
rajkot,Dry Chillies,2025,5,3700.0,5,50.400000000000006,1.6258064516129034,2.109005312171197e-05
rajkot,Dry Chillies,2025,6,4441.666666666667,9,234.1,7.803333333333333,2.1313174543514862e-05
rajkot,Dry Chillies,2025,11,12151.0,5,10.1,0.3366666666666667,4.5714675622210585e-05
rajkot,Dry Chillies,2025,12,12500.952380952382,21,1.1,0.0354838709677419,4.348457720136754e-05
rajkot,Dry Chillies,2026,1,15625.192307692309,26,0.2,0.0066666666666666,4.401254649868278e-05
rajkot,Dry Chillies,2026,2,20154.285714285717,14,0.355,0.01266625615763545,3.574563741717325e-05
vadodara,Dry Chillies,2002,1,5500.0,1,1.9615384615384615,0.06327543424317618,4.8237529808558366e-05
vadodara,Dry Chillies,2002,2,3000.0,1,0.225,0.007974137931034441,4.429693410741985e-05
vadodara,Dry Chillies,2002,3,2400.0,1,0.8090909090909091,0.026099706744868015,3.904832727809311e-05
vadodara,Dry Chillies,2002,4,3500.0,1,0.5750000000000001,0.019166666666666648,3.494388577793807e-05
vadodara,Dry Chillies,2006,6,4000.0,1,144.6,4.819999999999999,3.219249835880853e-05
vadodara,Dry Chillies,2006,7,5300.0,1,576.2,18.58709677419355,1.859077367272428e-05
vadodara,Dry Chillies,2006,8,4300.0,1,504.3,16.267741935483873,4.055328161620248e-05
vadodara,Dry Chillies,2006,9,4250.0,2,157.3,5.243333333333334,5.98098344775607e-05
vadodara,Dry Chillies,2006,10,4000.0,6,0.8,0.0258064516129032,5.414447349677499e-05
vadodara,Dry Chillies,2006,11,3760.0,5,2.2,0.0733333333333333,5.1342340730859134e-05
vadodara,Dry Chillies,2006,12,4840.0,5,0.0,0.0,4.705851675787907e-05
vadodara,Dry Chillies,2007,1,3900.0,5,0.0,0.0,4.404536554912896e-05
vadodara,Dry Chillies,2007,4,3690.0,5,2.2,0.0733333333333333,3.287105912593125e-05
vadodara,Dry Chillies,2007,5,3916.6666666666665,3,0.0,0.0,3.027141882913974e-05
vadodara,Dry Chillies,2007,6,3633.3333333333335,3,128.7,4.29,3.034422559361847e-05
vadodara,Dry Chillies,2007,7,3692.857142857143,7,504.7,16.280645161290323,3.967914625418245e-05
vadodara,Dry Chillies,2007,8,3180.0,5,347.2,11.2,5.419045708371983e-05
vadodara,Dry Chillies,2007,9,3500.0,7,239.7,7.989999999999999,6.194477953226441e-05
vadodara,Dry Chillies,2007,10,4550.0,10,0.0,0.0,5.5396652463983886e-05
vadodara,Dry Chillies,2007,11,4050.0,6,7.8,0.26,5.1608925171033294e-05
vadodara,Dry Chillies,2007,12,3550.0,8,0.0,0.0,4.7206671382386245e-05
vadodara,Dry Chillies,2008,1,3955.555555555556,9,0.0,0.0,4.419207954106041e-05
vadodara,Dry Chillies,2008,2,3587.5,8,0.6,0.0206896551724137,4.0486495478164206e-05
vadodara,Dry Chillies,2008,3,3590.0,10,2.4,0.0774193548387096,3.629118589778593e-05
vadodara,Dry Chillies,2008,4,5166.666666666667,9,0.2,0.0066666666666666,3.371226434000109e-05
vadodara,Dry Chillies,2008,5,6057.142857142857,7,0.0,0.0,3.0213058933679423e-05
vadodara,Dry Chillies,2008,6,5433.333333333333,9,128.4,4.28,2.1123605540109328e-05
vadodara,Dry Chillies,2008,7,5275.0,4,219.4,7.077419354838709,2.886497073265893e-05
vadodara,Dry Chillies,2008,8,4683.333333333333,3,316.3,10.203225806451613,5.358631850437028e-05
vadodara,Dry Chillies,2008,9,4514.285714285715,7,202.6,6.753333333333333,5.441582448065138e-05
vadodara,Dry Chillies,2008,10,5500.0,9,24.200000000000003,0.7806451612903227,5.2925989031873454e-05
vadodara,Dry Chillies,2008,11,5000.0,8,14.2,0.4733333333333334,5.079162948265543e-05
vadodara,Dry Chillies,2008,12,5312.5,8,8.1,0.2612903225806451,4.882772714897682e-05
vadodara,Dry Chillies,2009,1,4850.0,8,0.0,0.0,4.693248816264612e-05
vadodara,Dry Chillies,2009,2,4800.0,7,0.0,0.0,4.182403444034756e-05
vadodara,Dry Chillies,2009,3,4687.5,8,1.2,0.0387096774193548,3.614609821617392e-05
vadodara,Dry Chillies,2009,4,8700.0,10,0.0,0.0,3.279210323128424e-05
vadodara,Dry Chillies,2009,5,7150.0,10,0.0,0.0,2.884019494387979e-05
vadodara,Dry Chillies,2009,6,6500.0,11,12.7,0.4233333333333333,2.838701641105084e-05
vadodara,Dry Chillies,2009,7,5700.0,6,418.6,13.503225806451614,3.199881281536331e-05
vadodara,Dry Chillies,2009,8,5800.0,4,130.1,4.196774193548387,5.164488658619444e-05
vadodara,Dry Chillies,2009,9,6000.0,8,41.6,1.3866666666666667,6.077232074678274e-05
vadodara,Dry Chillies,2009,10,6066.666666666667,9,15.7,0.5064516129032258,5.731602989107064e-05
vadodara,Dry Chillies,2009,11,6100.0,8,32.6,1.086666666666667,5.432493636165676e-05
vadodara,Dry Chillies,2009,12,6040.0,5,1.6,0.0516129032258064,5.202655872086434e-05
vadodara,Dry Chillies,2010,1,5275.0,8,0.0,0.0,4.879170382088161e-05
vadodara,Dry Chillies,2010,2,4527.272727272727,11,0.0,0.0,4.200202964882891e-05
vadodara,Dry Chillies,2010,3,4500.0,10,0.6,0.0193548387096774,3.710524785717964e-05
vadodara,Dry Chillies,2010,4,4500.0,7,0.0,0.0,3.268255645306884e-05
vadodara,Dry Chillies,2010,5,7025.0,4,0.2,0.0064516129032258,2.792508438587649e-05
vadodara,Dry Chillies,2010,6,4277.777777777777,9,91.9,3.063333333333333,2.857175117260125e-05
vadodara,Dry Chillies,2010,7,4000.0,1,269.6,8.696774193548388,3.9113908936791e-05
vadodara,Dry Chillies,2010,8,6125.0,4,384.6,12.406451612903227,4.649708943417135e-05
vadodara,Dry Chillies,2010,9,5500.0,6,240.4,8.013333333333334,6.332378037220784e-05
vadodara,Dry Chillies,2010,10,7133.333333333333,6,25.6,0.8258064516129031,5.77284632958622e-05
vadodara,Dry Chillies,2010,11,5966.666666666667,6,60.3,2.01,5.7056095244644776e-05
vadodara,Dry Chillies,2010,12,6700.0,5,0.0,0.0,5.616463070318166e-05
vadodara,Dry Chillies,2011,1,6733.333333333333,6,0.0,0.0,5.137492885392063e-05
vadodara,Dry Chillies,2011,2,9277.777777777776,9,0.1,0.0035714285714285,4.639844618453837e-05
vadodara,Dry Chillies,2011,3,11350.0,10,0.0,0.0,3.998936301623797e-05
vadodara,Dry Chillies,2011,4,7666.666666666667,6,0.0,0.0,3.514009330191121e-05
vadodara,Dry Chillies,2011,5,12000.0,6,0.9,0.0290322580645161,3.176020402365877e-05
vadodara,Dry Chillies,2011,6,8950.0,4,20.7,0.69,2.5025648068451624e-05
vadodara,Dry Chillies,2011,7,10750.0,4,411.8,13.283870967741937,2.9521974059316056e-05
vadodara,Dry Chillies,2011,8,9142.857142857143,7,412.5,13.306451612903226,4.447152161290756e-05
vadodara,Dry Chillies,2011,9,9142.857142857143,7,110.8,3.693333333333333,5.88828483019177e-05
vadodara,Dry Chillies,2011,10,9857.142857142857,7,1.9,0.0612903225806451,5.515041851872309e-05
vadodara,Dry Chillies,2011,11,10000.0,5,0.0,0.0,5.113321035037873e-05
vadodara,Dry Chillies,2011,12,8500.0,3,0.0,0.0,4.823880222691448e-05
vadodara,Dry Chillies,2012,1,7800.0,5,0.0,0.0,4.604889199819263e-05
vadodara,Dry Chillies,2012,2,6000.0,8,0.0,0.0,4.36052075136051e-05
vadodara,Dry Chillies,2012,3,6000.0,7,0.0,0.0,3.76716674787996e-05
vadodara,Dry Chillies,2012,4,6000.0,3,0.4,0.0133333333333333,3.53326422179392e-05
vadodara,Dry Chillies,2012,5,5000.0,5,1.3,0.0419354838709677,3.040512827997912e-05
vadodara,Dry Chillies,2012,6,6285.714285714285,7,15.7,0.5233333333333333,2.7766463196697e-05
vadodara,Dry Chillies,2012,7,5000.0,6,178.7,5.764516129032257,2.7640021908244583e-05
vadodara,Dry Chillies,2012,8,5200.0,3,250.9,8.093548387096774,4.055280123136793e-05
vadodara,Dry Chillies,2012,9,6083.333333333333,6,405.5,13.516666666666667,6.711870476439596e-05
vadodara,Dry Chillies,2012,10,6166.666666666667,6,7.399999999999999,0.2387096774193548,5.7848183073190456e-05
vadodara,Dry Chillies,2012,11,5444.444444444444,9,0.0,0.0,5.319626307153251e-05
vadodara,Dry Chillies,2012,12,5357.142857142857,7,0.0,0.0,5.080756795430615e-05
vadodara,Dry Chillies,2013,1,5857.142857142857,7,0.0,0.0,4.7278303675755485e-05
vadodara,Dry Chillies,2013,2,5875.0,8,0.1,0.0035714285714285,4.490651407310718e-05
vadodara,Dry Chillies,2013,3,7000.0,7,0.0,0.0,3.996271127131733e-05
vadodara,Dry Chillies,2013,4,7812.5,8,3.4,0.1133333333333333,3.672993713820415e-05
vadodara,Dry Chillies,2013,5,8000.0,4,0.0,0.0,3.2176057208886606e-05
vadodara,Dry Chillies,2013,6,7000.0,7,135.6,4.52,2.717338399229286e-05
vadodara,Dry Chillies,2013,7,7000.0,2,421.5,13.596774193548388,1.9437014854664167e-05
vadodara,Dry Chillies,2013,8,6375.0,4,228.9,7.383870967741935,5.04031305998852e-05
vadodara,Dry Chillies,2013,9,6750.0,4,281.9,9.396666666666668,6.333547523504475e-05
vadodara,Dry Chillies,2013,10,6750.0,4,73.5,2.370967741935484,6.227123242869786e-05
vadodara,Dry Chillies,2013,11,6500.0,2,0.0,0.0,5.66278761800257e-05
vadodara,Dry Chillies,2013,12,7000.0,3,0.3,0.0096774193548387,5.181977540782548e-05
vadodara,Dry Chillies,2014,1,7600.0,5,23.8,0.767741935483871,5.156288685347784e-05
vadodara,Dry Chillies,2014,2,7000.0,6,1.1,0.0392857142857142,4.963128467696571e-05
vadodara,Dry Chillies,2014,3,9000.0,8,1.2,0.0387096774193548,4.268537272931497e-05
vadodara,Dry Chillies,2014,4,8714.285714285714,7,0.3,0.01,3.6948493398557165e-05
vadodara,Dry Chillies,2014,5,7400.0,5,0.0,0.0,3.302364697322768e-05
vadodara,Dry Chillies,2014,6,7000.0,2,8.9,0.2966666666666667,2.887152095341964e-05
vadodara,Dry Chillies,2014,7,8000.0,1,348.5,11.241935483870968,2.7960529674831627e-05
vadodara,Dry Chillies,2014,8,7333.333333333333,6,198.4,6.4,4.699883733734556e-05
vadodara,Dry Chillies,2014,9,7000.0,3,344.6,11.486666666666668,6.155491191770648e-05
vadodara,Dry Chillies,2014,10,9000.0,5,0.8,0.0258064516129032,5.7026781017508654e-05
vadodara,Dry Chillies,2014,11,7000.0,5,8.0,0.2666666666666666,5.42441823846804e-05
vadodara,Dry Chillies,2014,12,8500.0,4,0.0,0.0,5.177515000223696e-05
vadodara,Dry Chillies,2015,1,9000.0,1,1.3,0.0419354838709677,4.999478887889039e-05
vadodara,Dry Chillies,2015,2,10000.0,2,0.7,0.0249999999999999,4.57332971280084e-05
vadodara,Dry Chillies,2015,6,9125.0,4,136.9,4.5633333333333335,3.4913591009627376e-05
vadodara,Dry Chillies,2015,7,9625.0,4,217.2,7.006451612903225,3.028928812260189e-05
vadodara,Dry Chillies,2015,8,9250.0,4,42.6,1.3741935483870968,5.3946805457450304e-05
vadodara,Dry Chillies,2015,9,10000.0,1,94.1,3.1366666666666663,6.324339136133129e-05
vadodara,Dry Chillies,2015,10,12500.0,4,0.0,0.0,5.9707288964469726e-05
vadodara,Dry Chillies,2015,11,13000.0,1,1.0,0.0333333333333333,5.621051729028894e-05
vadodara,Dry Chillies,2015,12,15000.0,1,0.0,0.0,5.0986610246527535e-05
vadodara,Dry Chillies,2016,1,14000.0,4,0.1,0.0032258064516129,4.657092953321952e-05
vadodara,Dry Chillies,2016,2,11000.0,7,0.0,0.0,4.224569361379021e-05
vadodara,Dry Chillies,2016,3,15000.0,3,3.4,0.1096774193548387,3.924334802649991e-05
vadodara,Dry Chillies,2016,4,14000.0,2,0.0,0.0,3.535811573535052e-05
vadodara,Dry Chillies,2016,5,14000.0,2,0.3,0.0096774193548387,2.90166842848997e-05
vadodara,Dry Chillies,2016,6,13000.0,3,74.4,2.48,2.63902022179552e-05
vadodara,Dry Chillies,2016,7,14000.0,4,201.0,6.483870967741935,2.457014318470864e-05
vadodara,Dry Chillies,2016,8,13000.0,3,286.2,9.23225806451613,4.576013317560079e-05
vadodara,Dry Chillies,2016,9,13500.0,2,94.6,3.1533333333333338,6.340128583531433e-05
vadodara,Dry Chillies,2016,10,13500.0,2,79.6,2.56774193548387,6.235077026749105e-05
vadodara,Dry Chillies,2016,11,12375.0,4,0.0,0.0,5.857999002875526e-05
vadodara,Dry Chillies,2016,12,10000.0,2,0.0,0.0,5.471704433300757e-05
vadodara,Dry Chillies,2017,1,10000.0,5,0.3,0.0096774193548387,4.9457989493898464e-05
vadodara,Dry Chillies,2017,2,11000.0,4,0.0,0.0,4.56623125551594e-05
vadodara,Dry Chillies,2017,3,11875.0,8,0.0,0.0,3.977519006708761e-05
vadodara,Dry Chillies,2017,4,10000.0,4,0.0,0.0,3.67560732938184e-05
vadodara,Dry Chillies,2017,5,10000.0,5,0.6,0.0193548387096774,3.243629367554827e-05
vadodara,Dry Chillies,2017,6,8000.0,4,101.0,3.3666666666666667,3.772690697367215e-05
vadodara,Dry Chillies,2017,7,7000.0,3,443.2,14.296774193548387,3.753362453743769e-05
vadodara,Dry Chillies,2017,8,5000.0,2,223.3,7.203225806451612,5.504342202146192e-05
vadodara,Dry Chillies,2017,9,6000.0,4,142.5,4.75,6.549974894120001e-05
vadodara,Dry Chillies,2017,10,7000.0,2,8.2,0.264516129032258,6.032460698639477e-05
vadodara,Dry Chillies,2017,11,6000.0,4,0.0,0.0,5.652344438852288e-05
vadodara,Dry Chillies,2017,12,7000.0,2,57.7,1.861290322580645,5.505802784600672e-05
vadodara,Dry Chillies,2018,1,7416.666666666667,6,0.0,0.0,5.217911588818834e-05
vadodara,Dry Chillies,2018,2,8500.0,2,0.1,0.0035714285714285,4.478107209885063e-05
vadodara,Dry Chillies,2018,3,9750.0,4,0.1,0.0032258064516129,4.110534158744603e-05
vadodara,Dry Chillies,2018,4,11000.0,3,0.4,0.0133333333333333,3.540822028242283e-05
vadodara,Dry Chillies,2018,5,10000.0,1,0.0,0.0,2.9869211554564053e-05
vadodara,Dry Chillies,2018,6,10000.0,1,59.4,1.98,2.637589104681856e-05
vadodara,Dry Chillies,2018,8,10000.0,1,251.5,8.112903225806452,4.1151207881976416e-05
vadodara,Dry Chillies,2018,9,9000.0,2,94.6,3.1533333333333333,6.527250868633212e-05
vadodara,Dry Chillies,2018,10,9333.333333333334,3,1.5,0.0483870967741935,5.83801011381041e-05
vadodara,Dry Chillies,2018,11,9000.0,1,0.0,0.0,5.595160963934956e-05
vadodara,Dry Chillies,2019,1,6500.0,3,0.0,0.0,4.8658415261998366e-05
vadodara,Dry Chillies,2019,2,9000.0,4,0.0,0.0,4.428682187767256e-05
vadodara,Dry Chillies,2019,3,9000.0,2,0.0,0.0,3.955607391118127e-05
vadodara,Dry Chillies,2019,4,8750.0,2,0.0,0.0,3.559507081676795e-05
vadodara,Dry Chillies,2019,5,9000.0,2,0.0,0.0,3.099693132192509e-05
vadodara,Dry Chillies,2019,6,11000.0,1,102.8,3.4266666666666667,2.740396306854798e-05
vadodara,Dry Chillies,2019,7,12000.0,3,237.3,7.65483870967742,3.090845971274299e-05
vadodara,Dry Chillies,2019,8,12000.0,2,784.7,25.31290322580645,4.639639236573711e-05
vadodara,Dry Chillies,2019,9,12500.0,3,359.5,11.983333333333333,6.204968964763722e-05
vadodara,Dry Chillies,2019,10,14500.0,2,65.7,2.1193548387096777,6.539029630718842e-05
vadodara,Dry Chillies,2019,12,15500.0,2,0.4,0.0129032258064516,5.8514054855634245e-05
